model,pair_key,regime,subtask,template_id,source_idx,direction,clean_side,corrupt_side,clean_verb,corrupt_verb,clean_target,corrupt_target,anchor_token_index,site,site_index,corrupt_metric,patched_metric,clean_metric,exact_effect,normalized_effect
EleutherAI/pythia-1.4b,head|drop_argument|drop_object_frame|0,head,drop_argument,drop_object_frame,0,bad_to_good,bad,good,update,excel, the,.,7,resid_post_layer_21,22,-2.375,7.53125,7.53125,9.90625,1.0
EleutherAI/pythia-1.4b,head|drop_argument|drop_object_frame|1,head,drop_argument,drop_object_frame,1,bad_to_good,bad,good,resolve,arise, the,.,7,resid_post_layer_21,22,-0.4375,7.6875,7.6875,8.125,1.0
EleutherAI/pythia-1.4b,head|drop_argument|drop_object_frame|2,head,drop_argument,drop_object_frame,2,bad_to_good,bad,good,enter,speak, the,.,7,resid_post_layer_21,22,1.75,4.875,4.875,3.125,1.0
EleutherAI/pythia-1.4b,head|drop_argument|drop_object_frame|3,head,drop_argument,drop_object_frame,3,bad_to_good,bad,good,cruise,agree, the,.,7,resid_post_layer_21,22,0.875,6.0,6.0,5.125,1.0
EleutherAI/pythia-1.4b,head|drop_argument|drop_object_frame|5,head,drop_argument,drop_object_frame,5,bad_to_good,bad,good,build,appear, the,.,7,resid_post_layer_21,22,-1.0,7.343749523162842,7.343749523162842,8.34375,1.0
EleutherAI/pythia-1.4b,head|drop_argument|drop_object_frame|6,head,drop_argument,drop_object_frame,6,bad_to_good,bad,good,celebrate,prevail, the,.,7,resid_post_layer_21,22,-4.0625,6.0625,6.0625,10.125,1.0
EleutherAI/pythia-1.4b,head|drop_argument|drop_object_frame|9,head,drop_argument,drop_object_frame,9,bad_to_good,bad,good,arrive,refer, the,.,7,resid_post_layer_21,22,6.187499523162842,-1.125,-1.125,-7.312499523162842,1.0
EleutherAI/pythia-1.4b,head|drop_argument|drop_object_frame|10,head,drop_argument,drop_object_frame,10,bad_to_good,bad,good,disregard,compete, the,.,7,resid_post_layer_21,22,0.6875,7.8125,7.8125,7.125,1.0
EleutherAI/pythia-1.4b,head|drop_argument|drop_object_frame|0,head,drop_argument,drop_object_frame,0,bad_to_good,bad,good,update,excel, the,.,7,resid_post_layer_22,23,-2.375,7.53125,7.53125,9.90625,1.0
EleutherAI/pythia-1.4b,head|drop_argument|drop_object_frame|1,head,drop_argument,drop_object_frame,1,bad_to_good,bad,good,resolve,arise, the,.,7,resid_post_layer_22,23,-0.4375,7.6875,7.6875,8.125,1.0
EleutherAI/pythia-1.4b,head|drop_argument|drop_object_frame|2,head,drop_argument,drop_object_frame,2,bad_to_good,bad,good,enter,speak, the,.,7,resid_post_layer_22,23,1.75,4.875,4.875,3.125,1.0
EleutherAI/pythia-1.4b,head|drop_argument|drop_object_frame|3,head,drop_argument,drop_object_frame,3,bad_to_good,bad,good,cruise,agree, the,.,7,resid_post_layer_22,23,0.875,6.0,6.0,5.125,1.0
EleutherAI/pythia-1.4b,head|drop_argument|drop_object_frame|5,head,drop_argument,drop_object_frame,5,bad_to_good,bad,good,build,appear, the,.,7,resid_post_layer_22,23,-1.0,7.343749523162842,7.343749523162842,8.34375,1.0
EleutherAI/pythia-1.4b,head|drop_argument|drop_object_frame|6,head,drop_argument,drop_object_frame,6,bad_to_good,bad,good,celebrate,prevail, the,.,7,resid_post_layer_22,23,-4.0625,6.0625,6.0625,10.125,1.0
EleutherAI/pythia-1.4b,head|drop_argument|drop_object_frame|9,head,drop_argument,drop_object_frame,9,bad_to_good,bad,good,arrive,refer, the,.,7,resid_post_layer_22,23,6.187499523162842,-1.125,-1.125,-7.312499523162842,1.0
EleutherAI/pythia-1.4b,head|drop_argument|drop_object_frame|10,head,drop_argument,drop_object_frame,10,bad_to_good,bad,good,disregard,compete, the,.,7,resid_post_layer_22,23,0.6875,7.8125,7.8125,7.125,1.0
EleutherAI/pythia-1.4b,head|drop_argument|drop_object_frame|0,head,drop_argument,drop_object_frame,0,bad_to_good,bad,good,update,excel, the,.,7,resid_post_layer_23,24,-2.375,7.8125,7.53125,10.1875,1.028391167192429
EleutherAI/pythia-1.4b,head|drop_argument|drop_object_frame|1,head,drop_argument,drop_object_frame,1,bad_to_good,bad,good,resolve,arise, the,.,7,resid_post_layer_23,24,-0.4375,7.562500476837158,7.6875,8.0,0.9846153846153847
EleutherAI/pythia-1.4b,head|drop_argument|drop_object_frame|2,head,drop_argument,drop_object_frame,2,bad_to_good,bad,good,enter,speak, the,.,7,resid_post_layer_23,24,1.75,5.0,4.875,3.25,1.04
EleutherAI/pythia-1.4b,head|drop_argument|drop_object_frame|3,head,drop_argument,drop_object_frame,3,bad_to_good,bad,good,cruise,agree, the,.,7,resid_post_layer_23,24,0.875,5.9375,6.0,5.0625,0.9878048780487805
EleutherAI/pythia-1.4b,head|drop_argument|drop_object_frame|5,head,drop_argument,drop_object_frame,5,bad_to_good,bad,good,build,appear, the,.,7,resid_post_layer_23,24,-1.0,7.15625,7.343749523162842,8.15625,0.9775280898876404
EleutherAI/pythia-1.4b,head|drop_argument|drop_object_frame|6,head,drop_argument,drop_object_frame,6,bad_to_good,bad,good,celebrate,prevail, the,.,7,resid_post_layer_23,24,-4.0625,6.0625,6.0625,10.125,1.0
EleutherAI/pythia-1.4b,head|drop_argument|drop_object_frame|9,head,drop_argument,drop_object_frame,9,bad_to_good,bad,good,arrive,refer, the,.,7,resid_post_layer_23,24,6.187499523162842,-1.4375,-1.125,-7.624999523162842,1.042735045521731
EleutherAI/pythia-1.4b,head|drop_argument|drop_object_frame|10,head,drop_argument,drop_object_frame,10,bad_to_good,bad,good,disregard,compete, the,.,7,resid_post_layer_23,24,0.6875,7.8125,7.8125,7.125,1.0
EleutherAI/pythia-1.4b,head|drop_argument|drop_object_frame|0,head,drop_argument,drop_object_frame,0,bad_to_good,bad,good,update,excel, the,.,7,resid_post_layer_18,19,-2.375,7.53125,7.53125,9.90625,1.0
EleutherAI/pythia-1.4b,head|drop_argument|drop_object_frame|1,head,drop_argument,drop_object_frame,1,bad_to_good,bad,good,resolve,arise, the,.,7,resid_post_layer_18,19,-0.4375,7.6875,7.6875,8.125,1.0
EleutherAI/pythia-1.4b,head|drop_argument|drop_object_frame|2,head,drop_argument,drop_object_frame,2,bad_to_good,bad,good,enter,speak, the,.,7,resid_post_layer_18,19,1.75,4.875,4.875,3.125,1.0
EleutherAI/pythia-1.4b,head|drop_argument|drop_object_frame|3,head,drop_argument,drop_object_frame,3,bad_to_good,bad,good,cruise,agree, the,.,7,resid_post_layer_18,19,0.875,6.0,6.0,5.125,1.0
EleutherAI/pythia-1.4b,head|drop_argument|drop_object_frame|5,head,drop_argument,drop_object_frame,5,bad_to_good,bad,good,build,appear, the,.,7,resid_post_layer_18,19,-1.0,7.343749523162842,7.343749523162842,8.34375,1.0
EleutherAI/pythia-1.4b,head|drop_argument|drop_object_frame|6,head,drop_argument,drop_object_frame,6,bad_to_good,bad,good,celebrate,prevail, the,.,7,resid_post_layer_18,19,-4.0625,6.0625,6.0625,10.125,1.0
EleutherAI/pythia-1.4b,head|drop_argument|drop_object_frame|9,head,drop_argument,drop_object_frame,9,bad_to_good,bad,good,arrive,refer, the,.,7,resid_post_layer_18,19,6.187499523162842,-1.125,-1.125,-7.312499523162842,1.0
EleutherAI/pythia-1.4b,head|drop_argument|drop_object_frame|10,head,drop_argument,drop_object_frame,10,bad_to_good,bad,good,disregard,compete, the,.,7,resid_post_layer_18,19,0.6875,7.8125,7.8125,7.125,1.0
EleutherAI/pythia-1.4b,head|drop_argument|drop_object_frame|0,head,drop_argument,drop_object_frame,0,bad_to_good,bad,good,update,excel, the,.,7,resid_post_layer_19,20,-2.375,7.53125,7.53125,9.90625,1.0
EleutherAI/pythia-1.4b,head|drop_argument|drop_object_frame|1,head,drop_argument,drop_object_frame,1,bad_to_good,bad,good,resolve,arise, the,.,7,resid_post_layer_19,20,-0.4375,7.6875,7.6875,8.125,1.0
EleutherAI/pythia-1.4b,head|drop_argument|drop_object_frame|2,head,drop_argument,drop_object_frame,2,bad_to_good,bad,good,enter,speak, the,.,7,resid_post_layer_19,20,1.75,4.875,4.875,3.125,1.0
EleutherAI/pythia-1.4b,head|drop_argument|drop_object_frame|3,head,drop_argument,drop_object_frame,3,bad_to_good,bad,good,cruise,agree, the,.,7,resid_post_layer_19,20,0.875,6.0,6.0,5.125,1.0
EleutherAI/pythia-1.4b,head|drop_argument|drop_object_frame|5,head,drop_argument,drop_object_frame,5,bad_to_good,bad,good,build,appear, the,.,7,resid_post_layer_19,20,-1.0,7.343749523162842,7.343749523162842,8.34375,1.0
EleutherAI/pythia-1.4b,head|drop_argument|drop_object_frame|6,head,drop_argument,drop_object_frame,6,bad_to_good,bad,good,celebrate,prevail, the,.,7,resid_post_layer_19,20,-4.0625,6.0625,6.0625,10.125,1.0
EleutherAI/pythia-1.4b,head|drop_argument|drop_object_frame|9,head,drop_argument,drop_object_frame,9,bad_to_good,bad,good,arrive,refer, the,.,7,resid_post_layer_19,20,6.187499523162842,-1.125,-1.125,-7.312499523162842,1.0
EleutherAI/pythia-1.4b,head|drop_argument|drop_object_frame|10,head,drop_argument,drop_object_frame,10,bad_to_good,bad,good,disregard,compete, the,.,7,resid_post_layer_19,20,0.6875,7.8125,7.8125,7.125,1.0
EleutherAI/pythia-1.4b,head|drop_argument|drop_object_frame|0,head,drop_argument,drop_object_frame,0,bad_to_good,bad,good,update,excel, the,.,7,resid_post_layer_20,21,-2.375,7.53125,7.53125,9.90625,1.0
EleutherAI/pythia-1.4b,head|drop_argument|drop_object_frame|1,head,drop_argument,drop_object_frame,1,bad_to_good,bad,good,resolve,arise, the,.,7,resid_post_layer_20,21,-0.4375,7.6875,7.6875,8.125,1.0
EleutherAI/pythia-1.4b,head|drop_argument|drop_object_frame|2,head,drop_argument,drop_object_frame,2,bad_to_good,bad,good,enter,speak, the,.,7,resid_post_layer_20,21,1.75,4.875,4.875,3.125,1.0
EleutherAI/pythia-1.4b,head|drop_argument|drop_object_frame|3,head,drop_argument,drop_object_frame,3,bad_to_good,bad,good,cruise,agree, the,.,7,resid_post_layer_20,21,0.875,6.0,6.0,5.125,1.0
EleutherAI/pythia-1.4b,head|drop_argument|drop_object_frame|5,head,drop_argument,drop_object_frame,5,bad_to_good,bad,good,build,appear, the,.,7,resid_post_layer_20,21,-1.0,7.343749523162842,7.343749523162842,8.34375,1.0
EleutherAI/pythia-1.4b,head|drop_argument|drop_object_frame|6,head,drop_argument,drop_object_frame,6,bad_to_good,bad,good,celebrate,prevail, the,.,7,resid_post_layer_20,21,-4.0625,6.0625,6.0625,10.125,1.0
EleutherAI/pythia-1.4b,head|drop_argument|drop_object_frame|9,head,drop_argument,drop_object_frame,9,bad_to_good,bad,good,arrive,refer, the,.,7,resid_post_layer_20,21,6.187499523162842,-1.125,-1.125,-7.312499523162842,1.0
EleutherAI/pythia-1.4b,head|drop_argument|drop_object_frame|10,head,drop_argument,drop_object_frame,10,bad_to_good,bad,good,disregard,compete, the,.,7,resid_post_layer_20,21,0.6875,7.8125,7.8125,7.125,1.0
EleutherAI/pythia-1.4b,head|drop_argument|drop_object_frame|11,head,drop_argument,drop_object_frame,11,bad_to_good,bad,good,provide,pray, the,.,7,resid_post_layer_21,22,0.1875,8.59375,8.59375,8.40625,1.0
EleutherAI/pythia-1.4b,head|drop_argument|drop_object_frame|13,head,drop_argument,drop_object_frame,13,bad_to_good,bad,good,determine,disagree, the,.,7,resid_post_layer_21,22,-3.1875,8.3125,8.3125,11.5,1.0
EleutherAI/pythia-1.4b,head|drop_argument|drop_object_frame|14,head,drop_argument,drop_object_frame,14,bad_to_good,bad,good,write,occur, the,.,7,resid_post_layer_21,22,0.0,5.9375,5.9375,5.9375,1.0
EleutherAI/pythia-1.4b,head|drop_argument|drop_object_frame|25,head,drop_argument,drop_object_frame,25,bad_to_good,bad,good,shout,remain, the,.,7,resid_post_layer_21,22,2.8125,3.3125,3.3125,0.5,1.0
EleutherAI/pythia-1.4b,head|drop_argument|drop_object_frame|26,head,drop_argument,drop_object_frame,26,bad_to_good,bad,good,raid,complain, the,.,7,resid_post_layer_21,22,1.125,8.03125,8.03125,6.90625,1.0
EleutherAI/pythia-1.4b,head|drop_argument|drop_object_frame|29,head,drop_argument,drop_object_frame,29,bad_to_good,bad,good,consult,elaborate, the,.,7,resid_post_layer_21,22,3.000000238418579,6.90625,6.90625,3.906249761581421,1.0
EleutherAI/pythia-1.4b,head|drop_argument|drop_object_frame|35,head,drop_argument,drop_object_frame,35,bad_to_good,bad,good,steal,persist, the,.,7,resid_post_layer_21,22,1.25,6.0,6.0,4.75,1.0
EleutherAI/pythia-1.4b,head|drop_argument|drop_object_frame|11,head,drop_argument,drop_object_frame,11,bad_to_good,bad,good,provide,pray, the,.,7,resid_post_layer_22,23,0.1875,8.59375,8.59375,8.40625,1.0
EleutherAI/pythia-1.4b,head|drop_argument|drop_object_frame|13,head,drop_argument,drop_object_frame,13,bad_to_good,bad,good,determine,disagree, the,.,7,resid_post_layer_22,23,-3.1875,8.3125,8.3125,11.5,1.0
EleutherAI/pythia-1.4b,head|drop_argument|drop_object_frame|14,head,drop_argument,drop_object_frame,14,bad_to_good,bad,good,write,occur, the,.,7,resid_post_layer_22,23,0.0,5.9375,5.9375,5.9375,1.0
EleutherAI/pythia-1.4b,head|drop_argument|drop_object_frame|25,head,drop_argument,drop_object_frame,25,bad_to_good,bad,good,shout,remain, the,.,7,resid_post_layer_22,23,2.8125,3.3125,3.3125,0.5,1.0
EleutherAI/pythia-1.4b,head|drop_argument|drop_object_frame|26,head,drop_argument,drop_object_frame,26,bad_to_good,bad,good,raid,complain, the,.,7,resid_post_layer_22,23,1.125,8.03125,8.03125,6.90625,1.0
EleutherAI/pythia-1.4b,head|drop_argument|drop_object_frame|29,head,drop_argument,drop_object_frame,29,bad_to_good,bad,good,consult,elaborate, the,.,7,resid_post_layer_22,23,3.000000238418579,6.90625,6.90625,3.906249761581421,1.0
EleutherAI/pythia-1.4b,head|drop_argument|drop_object_frame|35,head,drop_argument,drop_object_frame,35,bad_to_good,bad,good,steal,persist, the,.,7,resid_post_layer_22,23,1.25,6.0,6.0,4.75,1.0
EleutherAI/pythia-1.4b,head|drop_argument|drop_object_frame|11,head,drop_argument,drop_object_frame,11,bad_to_good,bad,good,provide,pray, the,.,7,resid_post_layer_23,24,0.1875,8.59375,8.59375,8.40625,1.0
EleutherAI/pythia-1.4b,head|drop_argument|drop_object_frame|13,head,drop_argument,drop_object_frame,13,bad_to_good,bad,good,determine,disagree, the,.,7,resid_post_layer_23,24,-3.1875,8.4375,8.3125,11.625,1.0108695652173914
EleutherAI/pythia-1.4b,head|drop_argument|drop_object_frame|14,head,drop_argument,drop_object_frame,14,bad_to_good,bad,good,write,occur, the,.,7,resid_post_layer_23,24,0.0,6.0,5.9375,6.0,1.0105263157894737
EleutherAI/pythia-1.4b,head|drop_argument|drop_object_frame|25,head,drop_argument,drop_object_frame,25,bad_to_good,bad,good,shout,remain, the,.,7,resid_post_layer_23,24,2.8125,3.375,3.3125,0.5625,1.125
EleutherAI/pythia-1.4b,head|drop_argument|drop_object_frame|26,head,drop_argument,drop_object_frame,26,bad_to_good,bad,good,raid,complain, the,.,7,resid_post_layer_23,24,1.125,8.15625,8.03125,7.03125,1.0180995475113122
EleutherAI/pythia-1.4b,head|drop_argument|drop_object_frame|29,head,drop_argument,drop_object_frame,29,bad_to_good,bad,good,consult,elaborate, the,.,7,resid_post_layer_23,24,3.000000238418579,6.84375,6.90625,3.843749761581421,0.9839999990234375
EleutherAI/pythia-1.4b,head|drop_argument|drop_object_frame|35,head,drop_argument,drop_object_frame,35,bad_to_good,bad,good,steal,persist, the,.,7,resid_post_layer_23,24,1.25,5.9375,6.0,4.6875,0.9868421052631579
EleutherAI/pythia-1.4b,head|drop_argument|drop_object_frame|11,head,drop_argument,drop_object_frame,11,bad_to_good,bad,good,provide,pray, the,.,7,resid_post_layer_18,19,0.1875,8.59375,8.59375,8.40625,1.0
EleutherAI/pythia-1.4b,head|drop_argument|drop_object_frame|13,head,drop_argument,drop_object_frame,13,bad_to_good,bad,good,determine,disagree, the,.,7,resid_post_layer_18,19,-3.1875,8.3125,8.3125,11.5,1.0
EleutherAI/pythia-1.4b,head|drop_argument|drop_object_frame|14,head,drop_argument,drop_object_frame,14,bad_to_good,bad,good,write,occur, the,.,7,resid_post_layer_18,19,0.0,5.9375,5.9375,5.9375,1.0
EleutherAI/pythia-1.4b,head|drop_argument|drop_object_frame|25,head,drop_argument,drop_object_frame,25,bad_to_good,bad,good,shout,remain, the,.,7,resid_post_layer_18,19,2.8125,3.3125,3.3125,0.5,1.0
EleutherAI/pythia-1.4b,head|drop_argument|drop_object_frame|26,head,drop_argument,drop_object_frame,26,bad_to_good,bad,good,raid,complain, the,.,7,resid_post_layer_18,19,1.125,8.03125,8.03125,6.90625,1.0
EleutherAI/pythia-1.4b,head|drop_argument|drop_object_frame|29,head,drop_argument,drop_object_frame,29,bad_to_good,bad,good,consult,elaborate, the,.,7,resid_post_layer_18,19,3.000000238418579,6.90625,6.90625,3.906249761581421,1.0
EleutherAI/pythia-1.4b,head|drop_argument|drop_object_frame|35,head,drop_argument,drop_object_frame,35,bad_to_good,bad,good,steal,persist, the,.,7,resid_post_layer_18,19,1.25,6.0,6.0,4.75,1.0
EleutherAI/pythia-1.4b,head|drop_argument|drop_object_frame|11,head,drop_argument,drop_object_frame,11,bad_to_good,bad,good,provide,pray, the,.,7,resid_post_layer_19,20,0.1875,8.59375,8.59375,8.40625,1.0
EleutherAI/pythia-1.4b,head|drop_argument|drop_object_frame|13,head,drop_argument,drop_object_frame,13,bad_to_good,bad,good,determine,disagree, the,.,7,resid_post_layer_19,20,-3.1875,8.3125,8.3125,11.5,1.0
EleutherAI/pythia-1.4b,head|drop_argument|drop_object_frame|14,head,drop_argument,drop_object_frame,14,bad_to_good,bad,good,write,occur, the,.,7,resid_post_layer_19,20,0.0,5.9375,5.9375,5.9375,1.0
EleutherAI/pythia-1.4b,head|drop_argument|drop_object_frame|25,head,drop_argument,drop_object_frame,25,bad_to_good,bad,good,shout,remain, the,.,7,resid_post_layer_19,20,2.8125,3.3125,3.3125,0.5,1.0
EleutherAI/pythia-1.4b,head|drop_argument|drop_object_frame|26,head,drop_argument,drop_object_frame,26,bad_to_good,bad,good,raid,complain, the,.,7,resid_post_layer_19,20,1.125,8.03125,8.03125,6.90625,1.0
EleutherAI/pythia-1.4b,head|drop_argument|drop_object_frame|29,head,drop_argument,drop_object_frame,29,bad_to_good,bad,good,consult,elaborate, the,.,7,resid_post_layer_19,20,3.000000238418579,6.90625,6.90625,3.906249761581421,1.0
EleutherAI/pythia-1.4b,head|drop_argument|drop_object_frame|35,head,drop_argument,drop_object_frame,35,bad_to_good,bad,good,steal,persist, the,.,7,resid_post_layer_19,20,1.25,6.0,6.0,4.75,1.0
EleutherAI/pythia-1.4b,head|drop_argument|drop_object_frame|11,head,drop_argument,drop_object_frame,11,bad_to_good,bad,good,provide,pray, the,.,7,resid_post_layer_20,21,0.1875,8.59375,8.59375,8.40625,1.0
EleutherAI/pythia-1.4b,head|drop_argument|drop_object_frame|13,head,drop_argument,drop_object_frame,13,bad_to_good,bad,good,determine,disagree, the,.,7,resid_post_layer_20,21,-3.1875,8.3125,8.3125,11.5,1.0
EleutherAI/pythia-1.4b,head|drop_argument|drop_object_frame|14,head,drop_argument,drop_object_frame,14,bad_to_good,bad,good,write,occur, the,.,7,resid_post_layer_20,21,0.0,5.9375,5.9375,5.9375,1.0
EleutherAI/pythia-1.4b,head|drop_argument|drop_object_frame|25,head,drop_argument,drop_object_frame,25,bad_to_good,bad,good,shout,remain, the,.,7,resid_post_layer_20,21,2.8125,3.3125,3.3125,0.5,1.0
EleutherAI/pythia-1.4b,head|drop_argument|drop_object_frame|26,head,drop_argument,drop_object_frame,26,bad_to_good,bad,good,raid,complain, the,.,7,resid_post_layer_20,21,1.125,8.03125,8.03125,6.90625,1.0
EleutherAI/pythia-1.4b,head|drop_argument|drop_object_frame|29,head,drop_argument,drop_object_frame,29,bad_to_good,bad,good,consult,elaborate, the,.,7,resid_post_layer_20,21,3.000000238418579,6.90625,6.90625,3.906249761581421,1.0
EleutherAI/pythia-1.4b,head|drop_argument|drop_object_frame|35,head,drop_argument,drop_object_frame,35,bad_to_good,bad,good,steal,persist, the,.,7,resid_post_layer_20,21,1.25,6.0,6.0,4.75,1.0
EleutherAI/pythia-1.4b,head|drop_argument|drop_object_frame|0,head,drop_argument,drop_object_frame,0,good_to_bad,good,bad,excel,update,., the,7,resid_post_layer_21,22,-7.53125,2.375,2.375,9.90625,1.0
EleutherAI/pythia-1.4b,head|drop_argument|drop_object_frame|1,head,drop_argument,drop_object_frame,1,good_to_bad,good,bad,arise,resolve,., the,7,resid_post_layer_21,22,-7.6875,0.4375,0.4375,8.125,1.0
EleutherAI/pythia-1.4b,head|drop_argument|drop_object_frame|2,head,drop_argument,drop_object_frame,2,good_to_bad,good,bad,speak,enter,., the,7,resid_post_layer_21,22,-4.875,-1.75,-1.75,3.125,1.0
EleutherAI/pythia-1.4b,head|drop_argument|drop_object_frame|3,head,drop_argument,drop_object_frame,3,good_to_bad,good,bad,agree,cruise,., the,7,resid_post_layer_21,22,-6.0,-0.875,-0.875,5.125,1.0
EleutherAI/pythia-1.4b,head|drop_argument|drop_object_frame|5,head,drop_argument,drop_object_frame,5,good_to_bad,good,bad,appear,build,., the,7,resid_post_layer_21,22,-7.343749523162842,1.0,1.0,8.34375,1.0
EleutherAI/pythia-1.4b,head|drop_argument|drop_object_frame|6,head,drop_argument,drop_object_frame,6,good_to_bad,good,bad,prevail,celebrate,., the,7,resid_post_layer_21,22,-6.0625,4.0625,4.0625,10.125,1.0
EleutherAI/pythia-1.4b,head|drop_argument|drop_object_frame|9,head,drop_argument,drop_object_frame,9,good_to_bad,good,bad,refer,arrive,., the,7,resid_post_layer_21,22,1.125,-6.187499523162842,-6.187499523162842,-7.312499523162842,1.0
EleutherAI/pythia-1.4b,head|drop_argument|drop_object_frame|10,head,drop_argument,drop_object_frame,10,good_to_bad,good,bad,compete,disregard,., the,7,resid_post_layer_21,22,-7.8125,-0.6875,-0.6875,7.125,1.0
EleutherAI/pythia-1.4b,head|drop_argument|drop_object_frame|0,head,drop_argument,drop_object_frame,0,good_to_bad,good,bad,excel,update,., the,7,resid_post_layer_22,23,-7.53125,2.375,2.375,9.90625,1.0
EleutherAI/pythia-1.4b,head|drop_argument|drop_object_frame|1,head,drop_argument,drop_object_frame,1,good_to_bad,good,bad,arise,resolve,., the,7,resid_post_layer_22,23,-7.6875,0.4375,0.4375,8.125,1.0
EleutherAI/pythia-1.4b,head|drop_argument|drop_object_frame|2,head,drop_argument,drop_object_frame,2,good_to_bad,good,bad,speak,enter,., the,7,resid_post_layer_22,23,-4.875,-1.75,-1.75,3.125,1.0
EleutherAI/pythia-1.4b,head|drop_argument|drop_object_frame|3,head,drop_argument,drop_object_frame,3,good_to_bad,good,bad,agree,cruise,., the,7,resid_post_layer_22,23,-6.0,-0.875,-0.875,5.125,1.0
EleutherAI/pythia-1.4b,head|drop_argument|drop_object_frame|5,head,drop_argument,drop_object_frame,5,good_to_bad,good,bad,appear,build,., the,7,resid_post_layer_22,23,-7.343749523162842,1.0,1.0,8.34375,1.0
EleutherAI/pythia-1.4b,head|drop_argument|drop_object_frame|6,head,drop_argument,drop_object_frame,6,good_to_bad,good,bad,prevail,celebrate,., the,7,resid_post_layer_22,23,-6.0625,4.0625,4.0625,10.125,1.0
EleutherAI/pythia-1.4b,head|drop_argument|drop_object_frame|9,head,drop_argument,drop_object_frame,9,good_to_bad,good,bad,refer,arrive,., the,7,resid_post_layer_22,23,1.125,-6.187499523162842,-6.187499523162842,-7.312499523162842,1.0
EleutherAI/pythia-1.4b,head|drop_argument|drop_object_frame|10,head,drop_argument,drop_object_frame,10,good_to_bad,good,bad,compete,disregard,., the,7,resid_post_layer_22,23,-7.8125,-0.6875,-0.6875,7.125,1.0
EleutherAI/pythia-1.4b,head|drop_argument|drop_object_frame|0,head,drop_argument,drop_object_frame,0,good_to_bad,good,bad,excel,update,., the,7,resid_post_layer_23,24,-7.53125,2.75,2.375,10.28125,1.0378548895899053
EleutherAI/pythia-1.4b,head|drop_argument|drop_object_frame|1,head,drop_argument,drop_object_frame,1,good_to_bad,good,bad,arise,resolve,., the,7,resid_post_layer_23,24,-7.6875,0.75,0.4375,8.4375,1.0384615384615385
EleutherAI/pythia-1.4b,head|drop_argument|drop_object_frame|2,head,drop_argument,drop_object_frame,2,good_to_bad,good,bad,speak,enter,., the,7,resid_post_layer_23,24,-4.875,-1.625,-1.75,3.25,1.04
EleutherAI/pythia-1.4b,head|drop_argument|drop_object_frame|3,head,drop_argument,drop_object_frame,3,good_to_bad,good,bad,agree,cruise,., the,7,resid_post_layer_23,24,-6.0,-0.75,-0.875,5.25,1.024390243902439
EleutherAI/pythia-1.4b,head|drop_argument|drop_object_frame|5,head,drop_argument,drop_object_frame,5,good_to_bad,good,bad,appear,build,., the,7,resid_post_layer_23,24,-7.343749523162842,1.5625,1.0,8.90625,1.0674157303370786
EleutherAI/pythia-1.4b,head|drop_argument|drop_object_frame|6,head,drop_argument,drop_object_frame,6,good_to_bad,good,bad,prevail,celebrate,., the,7,resid_post_layer_23,24,-6.0625,4.625,4.0625,10.6875,1.0555555555555556
EleutherAI/pythia-1.4b,head|drop_argument|drop_object_frame|9,head,drop_argument,drop_object_frame,9,good_to_bad,good,bad,refer,arrive,., the,7,resid_post_layer_23,24,1.125,-6.0625,-6.187499523162842,-7.1875,0.9829060469998121
EleutherAI/pythia-1.4b,head|drop_argument|drop_object_frame|10,head,drop_argument,drop_object_frame,10,good_to_bad,good,bad,compete,disregard,., the,7,resid_post_layer_23,24,-7.8125,-0.625,-0.6875,7.1875,1.0087719298245614
EleutherAI/pythia-1.4b,head|drop_argument|drop_object_frame|0,head,drop_argument,drop_object_frame,0,good_to_bad,good,bad,excel,update,., the,7,resid_post_layer_18,19,-7.53125,2.375,2.375,9.90625,1.0
EleutherAI/pythia-1.4b,head|drop_argument|drop_object_frame|1,head,drop_argument,drop_object_frame,1,good_to_bad,good,bad,arise,resolve,., the,7,resid_post_layer_18,19,-7.6875,0.4375,0.4375,8.125,1.0
EleutherAI/pythia-1.4b,head|drop_argument|drop_object_frame|2,head,drop_argument,drop_object_frame,2,good_to_bad,good,bad,speak,enter,., the,7,resid_post_layer_18,19,-4.875,-1.75,-1.75,3.125,1.0
EleutherAI/pythia-1.4b,head|drop_argument|drop_object_frame|3,head,drop_argument,drop_object_frame,3,good_to_bad,good,bad,agree,cruise,., the,7,resid_post_layer_18,19,-6.0,-0.875,-0.875,5.125,1.0
EleutherAI/pythia-1.4b,head|drop_argument|drop_object_frame|5,head,drop_argument,drop_object_frame,5,good_to_bad,good,bad,appear,build,., the,7,resid_post_layer_18,19,-7.343749523162842,1.0,1.0,8.34375,1.0
EleutherAI/pythia-1.4b,head|drop_argument|drop_object_frame|6,head,drop_argument,drop_object_frame,6,good_to_bad,good,bad,prevail,celebrate,., the,7,resid_post_layer_18,19,-6.0625,4.0625,4.0625,10.125,1.0
EleutherAI/pythia-1.4b,head|drop_argument|drop_object_frame|9,head,drop_argument,drop_object_frame,9,good_to_bad,good,bad,refer,arrive,., the,7,resid_post_layer_18,19,1.125,-6.187499523162842,-6.187499523162842,-7.312499523162842,1.0
EleutherAI/pythia-1.4b,head|drop_argument|drop_object_frame|10,head,drop_argument,drop_object_frame,10,good_to_bad,good,bad,compete,disregard,., the,7,resid_post_layer_18,19,-7.8125,-0.6875,-0.6875,7.125,1.0
EleutherAI/pythia-1.4b,head|drop_argument|drop_object_frame|0,head,drop_argument,drop_object_frame,0,good_to_bad,good,bad,excel,update,., the,7,resid_post_layer_19,20,-7.53125,2.375,2.375,9.90625,1.0
EleutherAI/pythia-1.4b,head|drop_argument|drop_object_frame|1,head,drop_argument,drop_object_frame,1,good_to_bad,good,bad,arise,resolve,., the,7,resid_post_layer_19,20,-7.6875,0.4375,0.4375,8.125,1.0
EleutherAI/pythia-1.4b,head|drop_argument|drop_object_frame|2,head,drop_argument,drop_object_frame,2,good_to_bad,good,bad,speak,enter,., the,7,resid_post_layer_19,20,-4.875,-1.75,-1.75,3.125,1.0
EleutherAI/pythia-1.4b,head|drop_argument|drop_object_frame|3,head,drop_argument,drop_object_frame,3,good_to_bad,good,bad,agree,cruise,., the,7,resid_post_layer_19,20,-6.0,-0.875,-0.875,5.125,1.0
EleutherAI/pythia-1.4b,head|drop_argument|drop_object_frame|5,head,drop_argument,drop_object_frame,5,good_to_bad,good,bad,appear,build,., the,7,resid_post_layer_19,20,-7.343749523162842,1.0,1.0,8.34375,1.0
EleutherAI/pythia-1.4b,head|drop_argument|drop_object_frame|6,head,drop_argument,drop_object_frame,6,good_to_bad,good,bad,prevail,celebrate,., the,7,resid_post_layer_19,20,-6.0625,4.0625,4.0625,10.125,1.0
EleutherAI/pythia-1.4b,head|drop_argument|drop_object_frame|9,head,drop_argument,drop_object_frame,9,good_to_bad,good,bad,refer,arrive,., the,7,resid_post_layer_19,20,1.125,-6.187499523162842,-6.187499523162842,-7.312499523162842,1.0
EleutherAI/pythia-1.4b,head|drop_argument|drop_object_frame|10,head,drop_argument,drop_object_frame,10,good_to_bad,good,bad,compete,disregard,., the,7,resid_post_layer_19,20,-7.8125,-0.6875,-0.6875,7.125,1.0
EleutherAI/pythia-1.4b,head|drop_argument|drop_object_frame|0,head,drop_argument,drop_object_frame,0,good_to_bad,good,bad,excel,update,., the,7,resid_post_layer_20,21,-7.53125,2.375,2.375,9.90625,1.0
EleutherAI/pythia-1.4b,head|drop_argument|drop_object_frame|1,head,drop_argument,drop_object_frame,1,good_to_bad,good,bad,arise,resolve,., the,7,resid_post_layer_20,21,-7.6875,0.4375,0.4375,8.125,1.0
EleutherAI/pythia-1.4b,head|drop_argument|drop_object_frame|2,head,drop_argument,drop_object_frame,2,good_to_bad,good,bad,speak,enter,., the,7,resid_post_layer_20,21,-4.875,-1.75,-1.75,3.125,1.0
EleutherAI/pythia-1.4b,head|drop_argument|drop_object_frame|3,head,drop_argument,drop_object_frame,3,good_to_bad,good,bad,agree,cruise,., the,7,resid_post_layer_20,21,-6.0,-0.875,-0.875,5.125,1.0
EleutherAI/pythia-1.4b,head|drop_argument|drop_object_frame|5,head,drop_argument,drop_object_frame,5,good_to_bad,good,bad,appear,build,., the,7,resid_post_layer_20,21,-7.343749523162842,1.0,1.0,8.34375,1.0
EleutherAI/pythia-1.4b,head|drop_argument|drop_object_frame|6,head,drop_argument,drop_object_frame,6,good_to_bad,good,bad,prevail,celebrate,., the,7,resid_post_layer_20,21,-6.0625,4.0625,4.0625,10.125,1.0
EleutherAI/pythia-1.4b,head|drop_argument|drop_object_frame|9,head,drop_argument,drop_object_frame,9,good_to_bad,good,bad,refer,arrive,., the,7,resid_post_layer_20,21,1.125,-6.187499523162842,-6.187499523162842,-7.312499523162842,1.0
EleutherAI/pythia-1.4b,head|drop_argument|drop_object_frame|10,head,drop_argument,drop_object_frame,10,good_to_bad,good,bad,compete,disregard,., the,7,resid_post_layer_20,21,-7.8125,-0.6875,-0.6875,7.125,1.0
EleutherAI/pythia-1.4b,head|drop_argument|drop_object_frame|11,head,drop_argument,drop_object_frame,11,good_to_bad,good,bad,pray,provide,., the,7,resid_post_layer_21,22,-8.59375,-0.1875,-0.1875,8.40625,1.0
EleutherAI/pythia-1.4b,head|drop_argument|drop_object_frame|13,head,drop_argument,drop_object_frame,13,good_to_bad,good,bad,disagree,determine,., the,7,resid_post_layer_21,22,-8.3125,3.1875,3.1875,11.5,1.0
EleutherAI/pythia-1.4b,head|drop_argument|drop_object_frame|14,head,drop_argument,drop_object_frame,14,good_to_bad,good,bad,occur,write,., the,7,resid_post_layer_21,22,-5.9375,0.0,0.0,5.9375,1.0
EleutherAI/pythia-1.4b,head|drop_argument|drop_object_frame|25,head,drop_argument,drop_object_frame,25,good_to_bad,good,bad,remain,shout,., the,7,resid_post_layer_21,22,-3.3125,-2.8125,-2.8125,0.5,1.0
EleutherAI/pythia-1.4b,head|drop_argument|drop_object_frame|26,head,drop_argument,drop_object_frame,26,good_to_bad,good,bad,complain,raid,., the,7,resid_post_layer_21,22,-8.03125,-1.125,-1.125,6.90625,1.0
EleutherAI/pythia-1.4b,head|drop_argument|drop_object_frame|29,head,drop_argument,drop_object_frame,29,good_to_bad,good,bad,elaborate,consult,., the,7,resid_post_layer_21,22,-6.90625,-3.000000238418579,-3.000000238418579,3.906249761581421,1.0
EleutherAI/pythia-1.4b,head|drop_argument|drop_object_frame|35,head,drop_argument,drop_object_frame,35,good_to_bad,good,bad,persist,steal,., the,7,resid_post_layer_21,22,-6.0,-1.25,-1.25,4.75,1.0
EleutherAI/pythia-1.4b,head|drop_argument|drop_object_frame|11,head,drop_argument,drop_object_frame,11,good_to_bad,good,bad,pray,provide,., the,7,resid_post_layer_22,23,-8.59375,-0.1875,-0.1875,8.40625,1.0
EleutherAI/pythia-1.4b,head|drop_argument|drop_object_frame|13,head,drop_argument,drop_object_frame,13,good_to_bad,good,bad,disagree,determine,., the,7,resid_post_layer_22,23,-8.3125,3.1875,3.1875,11.5,1.0
EleutherAI/pythia-1.4b,head|drop_argument|drop_object_frame|14,head,drop_argument,drop_object_frame,14,good_to_bad,good,bad,occur,write,., the,7,resid_post_layer_22,23,-5.9375,0.0,0.0,5.9375,1.0
EleutherAI/pythia-1.4b,head|drop_argument|drop_object_frame|25,head,drop_argument,drop_object_frame,25,good_to_bad,good,bad,remain,shout,., the,7,resid_post_layer_22,23,-3.3125,-2.8125,-2.8125,0.5,1.0
EleutherAI/pythia-1.4b,head|drop_argument|drop_object_frame|26,head,drop_argument,drop_object_frame,26,good_to_bad,good,bad,complain,raid,., the,7,resid_post_layer_22,23,-8.03125,-1.125,-1.125,6.90625,1.0
EleutherAI/pythia-1.4b,head|drop_argument|drop_object_frame|29,head,drop_argument,drop_object_frame,29,good_to_bad,good,bad,elaborate,consult,., the,7,resid_post_layer_22,23,-6.90625,-3.000000238418579,-3.000000238418579,3.906249761581421,1.0
EleutherAI/pythia-1.4b,head|drop_argument|drop_object_frame|35,head,drop_argument,drop_object_frame,35,good_to_bad,good,bad,persist,steal,., the,7,resid_post_layer_22,23,-6.0,-1.25,-1.25,4.75,1.0
EleutherAI/pythia-1.4b,head|drop_argument|drop_object_frame|11,head,drop_argument,drop_object_frame,11,good_to_bad,good,bad,pray,provide,., the,7,resid_post_layer_23,24,-8.59375,0.0,-0.1875,8.59375,1.0223048327137547
EleutherAI/pythia-1.4b,head|drop_argument|drop_object_frame|13,head,drop_argument,drop_object_frame,13,good_to_bad,good,bad,disagree,determine,., the,7,resid_post_layer_23,24,-8.3125,3.500000238418579,3.1875,11.8125,1.0271739130434783
EleutherAI/pythia-1.4b,head|drop_argument|drop_object_frame|14,head,drop_argument,drop_object_frame,14,good_to_bad,good,bad,occur,write,., the,7,resid_post_layer_23,24,-5.9375,0.1875,0.0,6.125,1.0315789473684212
EleutherAI/pythia-1.4b,head|drop_argument|drop_object_frame|25,head,drop_argument,drop_object_frame,25,good_to_bad,good,bad,remain,shout,., the,7,resid_post_layer_23,24,-3.3125,-2.5,-2.8125,0.8125,1.625
EleutherAI/pythia-1.4b,head|drop_argument|drop_object_frame|26,head,drop_argument,drop_object_frame,26,good_to_bad,good,bad,complain,raid,., the,7,resid_post_layer_23,24,-8.03125,-1.0,-1.125,7.03125,1.0180995475113122
EleutherAI/pythia-1.4b,head|drop_argument|drop_object_frame|29,head,drop_argument,drop_object_frame,29,good_to_bad,good,bad,elaborate,consult,., the,7,resid_post_layer_23,24,-6.90625,-2.8125,-3.000000238418579,4.09375,1.0480000639648477
EleutherAI/pythia-1.4b,head|drop_argument|drop_object_frame|35,head,drop_argument,drop_object_frame,35,good_to_bad,good,bad,persist,steal,., the,7,resid_post_layer_23,24,-6.0,-1.1875,-1.25,4.8125,1.013157894736842
EleutherAI/pythia-1.4b,head|drop_argument|drop_object_frame|11,head,drop_argument,drop_object_frame,11,good_to_bad,good,bad,pray,provide,., the,7,resid_post_layer_18,19,-8.59375,-0.1875,-0.1875,8.40625,1.0
EleutherAI/pythia-1.4b,head|drop_argument|drop_object_frame|13,head,drop_argument,drop_object_frame,13,good_to_bad,good,bad,disagree,determine,., the,7,resid_post_layer_18,19,-8.3125,3.1875,3.1875,11.5,1.0
EleutherAI/pythia-1.4b,head|drop_argument|drop_object_frame|14,head,drop_argument,drop_object_frame,14,good_to_bad,good,bad,occur,write,., the,7,resid_post_layer_18,19,-5.9375,0.0,0.0,5.9375,1.0
EleutherAI/pythia-1.4b,head|drop_argument|drop_object_frame|25,head,drop_argument,drop_object_frame,25,good_to_bad,good,bad,remain,shout,., the,7,resid_post_layer_18,19,-3.3125,-2.8125,-2.8125,0.5,1.0
EleutherAI/pythia-1.4b,head|drop_argument|drop_object_frame|26,head,drop_argument,drop_object_frame,26,good_to_bad,good,bad,complain,raid,., the,7,resid_post_layer_18,19,-8.03125,-1.125,-1.125,6.90625,1.0
EleutherAI/pythia-1.4b,head|drop_argument|drop_object_frame|29,head,drop_argument,drop_object_frame,29,good_to_bad,good,bad,elaborate,consult,., the,7,resid_post_layer_18,19,-6.90625,-3.000000238418579,-3.000000238418579,3.906249761581421,1.0
EleutherAI/pythia-1.4b,head|drop_argument|drop_object_frame|35,head,drop_argument,drop_object_frame,35,good_to_bad,good,bad,persist,steal,., the,7,resid_post_layer_18,19,-6.0,-1.25,-1.25,4.75,1.0
EleutherAI/pythia-1.4b,head|drop_argument|drop_object_frame|11,head,drop_argument,drop_object_frame,11,good_to_bad,good,bad,pray,provide,., the,7,resid_post_layer_19,20,-8.59375,-0.1875,-0.1875,8.40625,1.0
EleutherAI/pythia-1.4b,head|drop_argument|drop_object_frame|13,head,drop_argument,drop_object_frame,13,good_to_bad,good,bad,disagree,determine,., the,7,resid_post_layer_19,20,-8.3125,3.1875,3.1875,11.5,1.0
EleutherAI/pythia-1.4b,head|drop_argument|drop_object_frame|14,head,drop_argument,drop_object_frame,14,good_to_bad,good,bad,occur,write,., the,7,resid_post_layer_19,20,-5.9375,0.0,0.0,5.9375,1.0
EleutherAI/pythia-1.4b,head|drop_argument|drop_object_frame|25,head,drop_argument,drop_object_frame,25,good_to_bad,good,bad,remain,shout,., the,7,resid_post_layer_19,20,-3.3125,-2.8125,-2.8125,0.5,1.0
EleutherAI/pythia-1.4b,head|drop_argument|drop_object_frame|26,head,drop_argument,drop_object_frame,26,good_to_bad,good,bad,complain,raid,., the,7,resid_post_layer_19,20,-8.03125,-1.125,-1.125,6.90625,1.0
EleutherAI/pythia-1.4b,head|drop_argument|drop_object_frame|29,head,drop_argument,drop_object_frame,29,good_to_bad,good,bad,elaborate,consult,., the,7,resid_post_layer_19,20,-6.90625,-3.000000238418579,-3.000000238418579,3.906249761581421,1.0
EleutherAI/pythia-1.4b,head|drop_argument|drop_object_frame|35,head,drop_argument,drop_object_frame,35,good_to_bad,good,bad,persist,steal,., the,7,resid_post_layer_19,20,-6.0,-1.25,-1.25,4.75,1.0
EleutherAI/pythia-1.4b,head|drop_argument|drop_object_frame|11,head,drop_argument,drop_object_frame,11,good_to_bad,good,bad,pray,provide,., the,7,resid_post_layer_20,21,-8.59375,-0.1875,-0.1875,8.40625,1.0
EleutherAI/pythia-1.4b,head|drop_argument|drop_object_frame|13,head,drop_argument,drop_object_frame,13,good_to_bad,good,bad,disagree,determine,., the,7,resid_post_layer_20,21,-8.3125,3.1875,3.1875,11.5,1.0
EleutherAI/pythia-1.4b,head|drop_argument|drop_object_frame|14,head,drop_argument,drop_object_frame,14,good_to_bad,good,bad,occur,write,., the,7,resid_post_layer_20,21,-5.9375,0.0,0.0,5.9375,1.0
EleutherAI/pythia-1.4b,head|drop_argument|drop_object_frame|25,head,drop_argument,drop_object_frame,25,good_to_bad,good,bad,remain,shout,., the,7,resid_post_layer_20,21,-3.3125,-2.8125,-2.8125,0.5,1.0
EleutherAI/pythia-1.4b,head|drop_argument|drop_object_frame|26,head,drop_argument,drop_object_frame,26,good_to_bad,good,bad,complain,raid,., the,7,resid_post_layer_20,21,-8.03125,-1.125,-1.125,6.90625,1.0
EleutherAI/pythia-1.4b,head|drop_argument|drop_object_frame|29,head,drop_argument,drop_object_frame,29,good_to_bad,good,bad,elaborate,consult,., the,7,resid_post_layer_20,21,-6.90625,-3.000000238418579,-3.000000238418579,3.906249761581421,1.0
EleutherAI/pythia-1.4b,head|drop_argument|drop_object_frame|35,head,drop_argument,drop_object_frame,35,good_to_bad,good,bad,persist,steal,., the,7,resid_post_layer_20,21,-6.0,-1.25,-1.25,4.75,1.0
EleutherAI/pythia-1.4b,tail|drop_argument|drop_object_frame|1,tail,drop_argument,drop_object_frame,1,bad_to_good,bad,good,meld,reappear, the,.,8,resid_post_layer_21,22,-1.625,8.75,8.75,10.375,1.0
EleutherAI/pythia-1.4b,tail|drop_argument|drop_object_frame|2,tail,drop_argument,drop_object_frame,2,bad_to_good,bad,good,dally,doze, the,.,8,resid_post_layer_21,22,-2.0625,-0.5625,-0.5,1.5,0.96
EleutherAI/pythia-1.4b,tail|drop_argument|drop_object_frame|3,tail,drop_argument,drop_object_frame,3,bad_to_good,bad,good,bristle,wane, the,.,8,resid_post_layer_21,22,2.624999761581421,-2.3125,-2.312499761581421,-4.9375,1.0000000965746236
EleutherAI/pythia-1.4b,tail|drop_argument|drop_object_frame|7,tail,drop_argument,drop_object_frame,7,bad_to_good,bad,good,divest,fawn, the,.,8,resid_post_layer_21,22,0.0,6.0,6.0,6.0,1.0
EleutherAI/pythia-1.4b,tail|drop_argument|drop_object_frame|9,tail,drop_argument,drop_object_frame,9,bad_to_good,bad,good,grumble,erode, the,.,8,resid_post_layer_21,22,6.5,-1.1875,-1.1875,-7.6875,1.0
EleutherAI/pythia-1.4b,tail|drop_argument|drop_object_frame|21,tail,drop_argument,drop_object_frame,21,bad_to_good,bad,good,reaffirm,decompose, the,.,8,resid_post_layer_21,22,5.8125,7.124999523162842,7.124999523162842,1.3124995231628418,1.0
EleutherAI/pythia-1.4b,tail|drop_argument|drop_object_frame|22,tail,drop_argument,drop_object_frame,22,bad_to_good,bad,good,saturate,canter, the,.,8,resid_post_layer_21,22,3.0,9.90625,10.0,6.90625,0.9866071428571429
EleutherAI/pythia-1.4b,tail|drop_argument|drop_object_frame|23,tail,drop_argument,drop_object_frame,23,bad_to_good,bad,good,entrust,persevere, the,.,8,resid_post_layer_21,22,-0.1875002384185791,9.53125,9.46875,9.71875,1.006472491909385
EleutherAI/pythia-1.4b,tail|drop_argument|drop_object_frame|1,tail,drop_argument,drop_object_frame,1,bad_to_good,bad,good,meld,reappear, the,.,8,resid_post_layer_22,23,-1.625,8.75,8.75,10.375,1.0
EleutherAI/pythia-1.4b,tail|drop_argument|drop_object_frame|2,tail,drop_argument,drop_object_frame,2,bad_to_good,bad,good,dally,doze, the,.,8,resid_post_layer_22,23,-2.0625,-0.5,-0.5,1.5625,1.0
EleutherAI/pythia-1.4b,tail|drop_argument|drop_object_frame|3,tail,drop_argument,drop_object_frame,3,bad_to_good,bad,good,bristle,wane, the,.,8,resid_post_layer_22,23,2.624999761581421,-2.3125,-2.312499761581421,-4.9375,1.0000000965746236
EleutherAI/pythia-1.4b,tail|drop_argument|drop_object_frame|7,tail,drop_argument,drop_object_frame,7,bad_to_good,bad,good,divest,fawn, the,.,8,resid_post_layer_22,23,0.0,6.0,6.0,6.0,1.0
EleutherAI/pythia-1.4b,tail|drop_argument|drop_object_frame|9,tail,drop_argument,drop_object_frame,9,bad_to_good,bad,good,grumble,erode, the,.,8,resid_post_layer_22,23,6.5,-1.1875,-1.1875,-7.6875,1.0
EleutherAI/pythia-1.4b,tail|drop_argument|drop_object_frame|21,tail,drop_argument,drop_object_frame,21,bad_to_good,bad,good,reaffirm,decompose, the,.,8,resid_post_layer_22,23,5.8125,7.124999523162842,7.124999523162842,1.3124995231628418,1.0
EleutherAI/pythia-1.4b,tail|drop_argument|drop_object_frame|22,tail,drop_argument,drop_object_frame,22,bad_to_good,bad,good,saturate,canter, the,.,8,resid_post_layer_22,23,3.0,10.0,10.0,7.0,1.0
EleutherAI/pythia-1.4b,tail|drop_argument|drop_object_frame|23,tail,drop_argument,drop_object_frame,23,bad_to_good,bad,good,entrust,persevere, the,.,8,resid_post_layer_22,23,-0.1875002384185791,9.53125,9.46875,9.71875,1.006472491909385
EleutherAI/pythia-1.4b,tail|drop_argument|drop_object_frame|1,tail,drop_argument,drop_object_frame,1,bad_to_good,bad,good,meld,reappear, the,.,8,resid_post_layer_23,24,-1.625,8.8125,8.75,10.4375,1.0060240963855422
EleutherAI/pythia-1.4b,tail|drop_argument|drop_object_frame|2,tail,drop_argument,drop_object_frame,2,bad_to_good,bad,good,dally,doze, the,.,8,resid_post_layer_23,24,-2.0625,-0.875,-0.5,1.1875,0.76
EleutherAI/pythia-1.4b,tail|drop_argument|drop_object_frame|3,tail,drop_argument,drop_object_frame,3,bad_to_good,bad,good,bristle,wane, the,.,8,resid_post_layer_23,24,2.624999761581421,-2.749999761581421,-2.312499761581421,-5.374999523162842,1.088607603493954
EleutherAI/pythia-1.4b,tail|drop_argument|drop_object_frame|7,tail,drop_argument,drop_object_frame,7,bad_to_good,bad,good,divest,fawn, the,.,8,resid_post_layer_23,24,0.0,6.25,6.0,6.25,1.0416666666666667
EleutherAI/pythia-1.4b,tail|drop_argument|drop_object_frame|9,tail,drop_argument,drop_object_frame,9,bad_to_good,bad,good,grumble,erode, the,.,8,resid_post_layer_23,24,6.5,-1.4375,-1.1875,-7.9375,1.032520325203252
EleutherAI/pythia-1.4b,tail|drop_argument|drop_object_frame|21,tail,drop_argument,drop_object_frame,21,bad_to_good,bad,good,reaffirm,decompose, the,.,8,resid_post_layer_23,24,5.8125,7.3125,7.124999523162842,1.5,1.1428575580624383
EleutherAI/pythia-1.4b,tail|drop_argument|drop_object_frame|22,tail,drop_argument,drop_object_frame,22,bad_to_good,bad,good,saturate,canter, the,.,8,resid_post_layer_23,24,3.0,10.21875,10.0,7.21875,1.03125
EleutherAI/pythia-1.4b,tail|drop_argument|drop_object_frame|23,tail,drop_argument,drop_object_frame,23,bad_to_good,bad,good,entrust,persevere, the,.,8,resid_post_layer_23,24,-0.1875002384185791,9.65625,9.46875,9.84375,1.0194174757281553
EleutherAI/pythia-1.4b,tail|drop_argument|drop_object_frame|1,tail,drop_argument,drop_object_frame,1,bad_to_good,bad,good,meld,reappear, the,.,8,resid_post_layer_18,19,-1.625,8.6875,8.75,10.3125,0.9939759036144579
EleutherAI/pythia-1.4b,tail|drop_argument|drop_object_frame|2,tail,drop_argument,drop_object_frame,2,bad_to_good,bad,good,dally,doze, the,.,8,resid_post_layer_18,19,-2.0625,-0.625,-0.5,1.4375,0.92
EleutherAI/pythia-1.4b,tail|drop_argument|drop_object_frame|3,tail,drop_argument,drop_object_frame,3,bad_to_good,bad,good,bristle,wane, the,.,8,resid_post_layer_18,19,2.624999761581421,-2.3125,-2.312499761581421,-4.9375,1.0000000965746236
EleutherAI/pythia-1.4b,tail|drop_argument|drop_object_frame|7,tail,drop_argument,drop_object_frame,7,bad_to_good,bad,good,divest,fawn, the,.,8,resid_post_layer_18,19,0.0,6.0,6.0,6.0,1.0
EleutherAI/pythia-1.4b,tail|drop_argument|drop_object_frame|9,tail,drop_argument,drop_object_frame,9,bad_to_good,bad,good,grumble,erode, the,.,8,resid_post_layer_18,19,6.5,-1.1875,-1.1875,-7.6875,1.0
EleutherAI/pythia-1.4b,tail|drop_argument|drop_object_frame|21,tail,drop_argument,drop_object_frame,21,bad_to_good,bad,good,reaffirm,decompose, the,.,8,resid_post_layer_18,19,5.8125,7.125,7.124999523162842,1.3125,1.0000003633046335
EleutherAI/pythia-1.4b,tail|drop_argument|drop_object_frame|22,tail,drop_argument,drop_object_frame,22,bad_to_good,bad,good,saturate,canter, the,.,8,resid_post_layer_18,19,3.0,9.9375,10.0,6.9375,0.9910714285714286
EleutherAI/pythia-1.4b,tail|drop_argument|drop_object_frame|23,tail,drop_argument,drop_object_frame,23,bad_to_good,bad,good,entrust,persevere, the,.,8,resid_post_layer_18,19,-0.1875002384185791,9.5625,9.46875,9.75,1.0097087378640777
EleutherAI/pythia-1.4b,tail|drop_argument|drop_object_frame|1,tail,drop_argument,drop_object_frame,1,bad_to_good,bad,good,meld,reappear, the,.,8,resid_post_layer_19,20,-1.625,8.71875,8.75,10.34375,0.9969879518072289
EleutherAI/pythia-1.4b,tail|drop_argument|drop_object_frame|2,tail,drop_argument,drop_object_frame,2,bad_to_good,bad,good,dally,doze, the,.,8,resid_post_layer_19,20,-2.0625,-0.5625,-0.5,1.5,0.96
EleutherAI/pythia-1.4b,tail|drop_argument|drop_object_frame|3,tail,drop_argument,drop_object_frame,3,bad_to_good,bad,good,bristle,wane, the,.,8,resid_post_layer_19,20,2.624999761581421,-2.3125,-2.312499761581421,-4.9375,1.0000000965746236
EleutherAI/pythia-1.4b,tail|drop_argument|drop_object_frame|7,tail,drop_argument,drop_object_frame,7,bad_to_good,bad,good,divest,fawn, the,.,8,resid_post_layer_19,20,0.0,6.062500476837158,6.0,6.062500476837158,1.0104167461395264
EleutherAI/pythia-1.4b,tail|drop_argument|drop_object_frame|9,tail,drop_argument,drop_object_frame,9,bad_to_good,bad,good,grumble,erode, the,.,8,resid_post_layer_19,20,6.5,-1.1875,-1.1875,-7.6875,1.0
EleutherAI/pythia-1.4b,tail|drop_argument|drop_object_frame|21,tail,drop_argument,drop_object_frame,21,bad_to_good,bad,good,reaffirm,decompose, the,.,8,resid_post_layer_19,20,5.8125,7.093749523162842,7.124999523162842,1.2812495231628418,0.9761904675403659
EleutherAI/pythia-1.4b,tail|drop_argument|drop_object_frame|22,tail,drop_argument,drop_object_frame,22,bad_to_good,bad,good,saturate,canter, the,.,8,resid_post_layer_19,20,3.0,9.9375,10.0,6.9375,0.9910714285714286
EleutherAI/pythia-1.4b,tail|drop_argument|drop_object_frame|23,tail,drop_argument,drop_object_frame,23,bad_to_good,bad,good,entrust,persevere, the,.,8,resid_post_layer_19,20,-0.1875002384185791,9.53125,9.46875,9.71875,1.006472491909385
EleutherAI/pythia-1.4b,tail|drop_argument|drop_object_frame|1,tail,drop_argument,drop_object_frame,1,bad_to_good,bad,good,meld,reappear, the,.,8,resid_post_layer_20,21,-1.625,8.6875,8.75,10.3125,0.9939759036144579
EleutherAI/pythia-1.4b,tail|drop_argument|drop_object_frame|2,tail,drop_argument,drop_object_frame,2,bad_to_good,bad,good,dally,doze, the,.,8,resid_post_layer_20,21,-2.0625,-0.5625,-0.5,1.5,0.96
EleutherAI/pythia-1.4b,tail|drop_argument|drop_object_frame|3,tail,drop_argument,drop_object_frame,3,bad_to_good,bad,good,bristle,wane, the,.,8,resid_post_layer_20,21,2.624999761581421,-2.375000238418579,-2.312499761581421,-5.0,1.0126583256451884
EleutherAI/pythia-1.4b,tail|drop_argument|drop_object_frame|7,tail,drop_argument,drop_object_frame,7,bad_to_good,bad,good,divest,fawn, the,.,8,resid_post_layer_20,21,0.0,6.0,6.0,6.0,1.0
EleutherAI/pythia-1.4b,tail|drop_argument|drop_object_frame|9,tail,drop_argument,drop_object_frame,9,bad_to_good,bad,good,grumble,erode, the,.,8,resid_post_layer_20,21,6.5,-1.1875,-1.1875,-7.6875,1.0
EleutherAI/pythia-1.4b,tail|drop_argument|drop_object_frame|21,tail,drop_argument,drop_object_frame,21,bad_to_good,bad,good,reaffirm,decompose, the,.,8,resid_post_layer_20,21,5.8125,7.0625,7.124999523162842,1.25,0.9523812983853652
EleutherAI/pythia-1.4b,tail|drop_argument|drop_object_frame|22,tail,drop_argument,drop_object_frame,22,bad_to_good,bad,good,saturate,canter, the,.,8,resid_post_layer_20,21,3.0,9.96875,10.0,6.96875,0.9955357142857143
EleutherAI/pythia-1.4b,tail|drop_argument|drop_object_frame|23,tail,drop_argument,drop_object_frame,23,bad_to_good,bad,good,entrust,persevere, the,.,8,resid_post_layer_20,21,-0.1875002384185791,9.53125,9.46875,9.71875,1.006472491909385
EleutherAI/pythia-1.4b,tail|drop_argument|drop_object_frame|25,tail,drop_argument,drop_object_frame,25,bad_to_good,bad,good,blurt,scoot, the,.,8,resid_post_layer_21,22,4.4375,2.5625,2.5625,-1.875,1.0
EleutherAI/pythia-1.4b,tail|drop_argument|drop_object_frame|26,tail,drop_argument,drop_object_frame,26,bad_to_good,bad,good,repaint,slither, the,.,8,resid_post_layer_21,22,2.25,7.28125,7.28125,5.03125,1.0
EleutherAI/pythia-1.4b,tail|drop_argument|drop_object_frame|27,tail,drop_argument,drop_object_frame,27,bad_to_good,bad,good,scrutinize,deviate, the,.,8,resid_post_layer_21,22,3.3125,8.3125,8.28125,5.0,1.0062893081761006
EleutherAI/pythia-1.4b,tail|drop_argument|drop_object_frame|30,tail,drop_argument,drop_object_frame,30,bad_to_good,bad,good,scavenge,procreate, the,.,8,resid_post_layer_21,22,1.75,4.5625,4.5,2.8125,1.0227272727272727
EleutherAI/pythia-1.4b,tail|drop_argument|drop_object_frame|25,tail,drop_argument,drop_object_frame,25,bad_to_good,bad,good,blurt,scoot, the,.,8,resid_post_layer_22,23,4.4375,2.5625,2.5625,-1.875,1.0
EleutherAI/pythia-1.4b,tail|drop_argument|drop_object_frame|26,tail,drop_argument,drop_object_frame,26,bad_to_good,bad,good,repaint,slither, the,.,8,resid_post_layer_22,23,2.25,7.281250476837158,7.28125,5.031250476837158,1.0000000947750873
EleutherAI/pythia-1.4b,tail|drop_argument|drop_object_frame|27,tail,drop_argument,drop_object_frame,27,bad_to_good,bad,good,scrutinize,deviate, the,.,8,resid_post_layer_22,23,3.3125,8.28125,8.28125,4.96875,1.0
EleutherAI/pythia-1.4b,tail|drop_argument|drop_object_frame|30,tail,drop_argument,drop_object_frame,30,bad_to_good,bad,good,scavenge,procreate, the,.,8,resid_post_layer_22,23,1.75,4.5625,4.5,2.8125,1.0227272727272727
EleutherAI/pythia-1.4b,tail|drop_argument|drop_object_frame|25,tail,drop_argument,drop_object_frame,25,bad_to_good,bad,good,blurt,scoot, the,.,8,resid_post_layer_23,24,4.4375,2.4375,2.5625,-2.0,1.0666666666666667
EleutherAI/pythia-1.4b,tail|drop_argument|drop_object_frame|26,tail,drop_argument,drop_object_frame,26,bad_to_good,bad,good,repaint,slither, the,.,8,resid_post_layer_23,24,2.25,7.375,7.28125,5.125,1.0186335403726707
EleutherAI/pythia-1.4b,tail|drop_argument|drop_object_frame|27,tail,drop_argument,drop_object_frame,27,bad_to_good,bad,good,scrutinize,deviate, the,.,8,resid_post_layer_23,24,3.3125,8.34375,8.28125,5.03125,1.0125786163522013
EleutherAI/pythia-1.4b,tail|drop_argument|drop_object_frame|30,tail,drop_argument,drop_object_frame,30,bad_to_good,bad,good,scavenge,procreate, the,.,8,resid_post_layer_23,24,1.75,4.1875,4.5,2.4375,0.8863636363636364
EleutherAI/pythia-1.4b,tail|drop_argument|drop_object_frame|25,tail,drop_argument,drop_object_frame,25,bad_to_good,bad,good,blurt,scoot, the,.,8,resid_post_layer_18,19,4.4375,2.5625,2.5625,-1.875,1.0
EleutherAI/pythia-1.4b,tail|drop_argument|drop_object_frame|26,tail,drop_argument,drop_object_frame,26,bad_to_good,bad,good,repaint,slither, the,.,8,resid_post_layer_18,19,2.25,7.312499523162842,7.28125,5.062499523162842,1.0062110853491362
EleutherAI/pythia-1.4b,tail|drop_argument|drop_object_frame|27,tail,drop_argument,drop_object_frame,27,bad_to_good,bad,good,scrutinize,deviate, the,.,8,resid_post_layer_18,19,3.3125,8.34375,8.28125,5.03125,1.0125786163522013
EleutherAI/pythia-1.4b,tail|drop_argument|drop_object_frame|30,tail,drop_argument,drop_object_frame,30,bad_to_good,bad,good,scavenge,procreate, the,.,8,resid_post_layer_18,19,1.75,4.625,4.5,2.875,1.0454545454545454
EleutherAI/pythia-1.4b,tail|drop_argument|drop_object_frame|25,tail,drop_argument,drop_object_frame,25,bad_to_good,bad,good,blurt,scoot, the,.,8,resid_post_layer_19,20,4.4375,2.5625,2.5625,-1.875,1.0
EleutherAI/pythia-1.4b,tail|drop_argument|drop_object_frame|26,tail,drop_argument,drop_object_frame,26,bad_to_good,bad,good,repaint,slither, the,.,8,resid_post_layer_19,20,2.25,7.281250476837158,7.28125,5.031250476837158,1.0000000947750873
EleutherAI/pythia-1.4b,tail|drop_argument|drop_object_frame|27,tail,drop_argument,drop_object_frame,27,bad_to_good,bad,good,scrutinize,deviate, the,.,8,resid_post_layer_19,20,3.3125,8.28125,8.28125,4.96875,1.0
EleutherAI/pythia-1.4b,tail|drop_argument|drop_object_frame|30,tail,drop_argument,drop_object_frame,30,bad_to_good,bad,good,scavenge,procreate, the,.,8,resid_post_layer_19,20,1.75,4.5625,4.5,2.8125,1.0227272727272727
EleutherAI/pythia-1.4b,tail|drop_argument|drop_object_frame|25,tail,drop_argument,drop_object_frame,25,bad_to_good,bad,good,blurt,scoot, the,.,8,resid_post_layer_20,21,4.4375,2.5625,2.5625,-1.875,1.0
EleutherAI/pythia-1.4b,tail|drop_argument|drop_object_frame|26,tail,drop_argument,drop_object_frame,26,bad_to_good,bad,good,repaint,slither, the,.,8,resid_post_layer_20,21,2.25,7.28125,7.28125,5.03125,1.0
EleutherAI/pythia-1.4b,tail|drop_argument|drop_object_frame|27,tail,drop_argument,drop_object_frame,27,bad_to_good,bad,good,scrutinize,deviate, the,.,8,resid_post_layer_20,21,3.3125,8.28125,8.28125,4.96875,1.0
EleutherAI/pythia-1.4b,tail|drop_argument|drop_object_frame|30,tail,drop_argument,drop_object_frame,30,bad_to_good,bad,good,scavenge,procreate, the,.,8,resid_post_layer_20,21,1.75,4.6875,4.5,2.9375,1.0681818181818181
EleutherAI/pythia-1.4b,tail|drop_argument|drop_object_frame|1,tail,drop_argument,drop_object_frame,1,good_to_bad,good,bad,reappear,meld,., the,8,resid_post_layer_21,22,-8.75,1.625,1.625,10.375,1.0
EleutherAI/pythia-1.4b,tail|drop_argument|drop_object_frame|2,tail,drop_argument,drop_object_frame,2,good_to_bad,good,bad,doze,dally,., the,8,resid_post_layer_21,22,0.5,2.0,2.0625,1.5,0.96
EleutherAI/pythia-1.4b,tail|drop_argument|drop_object_frame|3,tail,drop_argument,drop_object_frame,3,good_to_bad,good,bad,wane,bristle,., the,8,resid_post_layer_21,22,2.312499761581421,-2.624999761581421,-2.624999761581421,-4.937499523162842,1.0
EleutherAI/pythia-1.4b,tail|drop_argument|drop_object_frame|7,tail,drop_argument,drop_object_frame,7,good_to_bad,good,bad,fawn,divest,., the,8,resid_post_layer_21,22,-6.0,0.0,0.0,6.0,1.0
EleutherAI/pythia-1.4b,tail|drop_argument|drop_object_frame|9,tail,drop_argument,drop_object_frame,9,good_to_bad,good,bad,erode,grumble,., the,8,resid_post_layer_21,22,1.1875,-6.5,-6.5,-7.6875,1.0
EleutherAI/pythia-1.4b,tail|drop_argument|drop_object_frame|21,tail,drop_argument,drop_object_frame,21,good_to_bad,good,bad,decompose,reaffirm,., the,8,resid_post_layer_21,22,-7.124999523162842,-5.8125,-5.8125,1.3124995231628418,1.0
EleutherAI/pythia-1.4b,tail|drop_argument|drop_object_frame|22,tail,drop_argument,drop_object_frame,22,good_to_bad,good,bad,canter,saturate,., the,8,resid_post_layer_21,22,-10.0,-2.9375,-3.0,7.0625,1.0089285714285714
EleutherAI/pythia-1.4b,tail|drop_argument|drop_object_frame|23,tail,drop_argument,drop_object_frame,23,good_to_bad,good,bad,persevere,entrust,., the,8,resid_post_layer_21,22,-9.46875,0.2499997615814209,0.1875002384185791,9.71875,1.006472491909385
EleutherAI/pythia-1.4b,tail|drop_argument|drop_object_frame|1,tail,drop_argument,drop_object_frame,1,good_to_bad,good,bad,reappear,meld,., the,8,resid_post_layer_22,23,-8.75,1.625,1.625,10.375,1.0
EleutherAI/pythia-1.4b,tail|drop_argument|drop_object_frame|2,tail,drop_argument,drop_object_frame,2,good_to_bad,good,bad,doze,dally,., the,8,resid_post_layer_22,23,0.5,2.0625,2.0625,1.5625,1.0
EleutherAI/pythia-1.4b,tail|drop_argument|drop_object_frame|3,tail,drop_argument,drop_object_frame,3,good_to_bad,good,bad,wane,bristle,., the,8,resid_post_layer_22,23,2.312499761581421,-2.625,-2.624999761581421,-4.9375,1.0000000965746236
EleutherAI/pythia-1.4b,tail|drop_argument|drop_object_frame|7,tail,drop_argument,drop_object_frame,7,good_to_bad,good,bad,fawn,divest,., the,8,resid_post_layer_22,23,-6.0,0.0,0.0,6.0,1.0
EleutherAI/pythia-1.4b,tail|drop_argument|drop_object_frame|9,tail,drop_argument,drop_object_frame,9,good_to_bad,good,bad,erode,grumble,., the,8,resid_post_layer_22,23,1.1875,-6.5,-6.5,-7.6875,1.0
EleutherAI/pythia-1.4b,tail|drop_argument|drop_object_frame|21,tail,drop_argument,drop_object_frame,21,good_to_bad,good,bad,decompose,reaffirm,., the,8,resid_post_layer_22,23,-7.124999523162842,-5.8125,-5.8125,1.3124995231628418,1.0
EleutherAI/pythia-1.4b,tail|drop_argument|drop_object_frame|22,tail,drop_argument,drop_object_frame,22,good_to_bad,good,bad,canter,saturate,., the,8,resid_post_layer_22,23,-10.0,-2.999999761581421,-3.0,7.0,1.0
EleutherAI/pythia-1.4b,tail|drop_argument|drop_object_frame|23,tail,drop_argument,drop_object_frame,23,good_to_bad,good,bad,persevere,entrust,., the,8,resid_post_layer_22,23,-9.46875,0.1875,0.1875002384185791,9.65625,1.0
EleutherAI/pythia-1.4b,tail|drop_argument|drop_object_frame|1,tail,drop_argument,drop_object_frame,1,good_to_bad,good,bad,reappear,meld,., the,8,resid_post_layer_23,24,-8.75,2.1875,1.625,10.9375,1.0542168674698795
EleutherAI/pythia-1.4b,tail|drop_argument|drop_object_frame|2,tail,drop_argument,drop_object_frame,2,good_to_bad,good,bad,doze,dally,., the,8,resid_post_layer_23,24,0.5,2.4375,2.0625,1.9375,1.24
EleutherAI/pythia-1.4b,tail|drop_argument|drop_object_frame|3,tail,drop_argument,drop_object_frame,3,good_to_bad,good,bad,wane,bristle,., the,8,resid_post_layer_23,24,2.312499761581421,-2.562500238418579,-2.624999761581421,-4.875,0.9873418675040588
EleutherAI/pythia-1.4b,tail|drop_argument|drop_object_frame|7,tail,drop_argument,drop_object_frame,7,good_to_bad,good,bad,fawn,divest,., the,8,resid_post_layer_23,24,-6.0,0.25,0.0,6.25,1.0416666666666667
EleutherAI/pythia-1.4b,tail|drop_argument|drop_object_frame|9,tail,drop_argument,drop_object_frame,9,good_to_bad,good,bad,erode,grumble,., the,8,resid_post_layer_23,24,1.1875,-6.5,-6.5,-7.6875,1.0
EleutherAI/pythia-1.4b,tail|drop_argument|drop_object_frame|21,tail,drop_argument,drop_object_frame,21,good_to_bad,good,bad,decompose,reaffirm,., the,8,resid_post_layer_23,24,-7.124999523162842,-5.75,-5.8125,1.3749995231628418,1.0476190649192683
EleutherAI/pythia-1.4b,tail|drop_argument|drop_object_frame|22,tail,drop_argument,drop_object_frame,22,good_to_bad,good,bad,canter,saturate,., the,8,resid_post_layer_23,24,-10.0,-3.0625,-3.0,6.9375,0.9910714285714286
EleutherAI/pythia-1.4b,tail|drop_argument|drop_object_frame|23,tail,drop_argument,drop_object_frame,23,good_to_bad,good,bad,persevere,entrust,., the,8,resid_post_layer_23,24,-9.46875,0.5,0.1875002384185791,9.96875,1.0323624595469256
EleutherAI/pythia-1.4b,tail|drop_argument|drop_object_frame|1,tail,drop_argument,drop_object_frame,1,good_to_bad,good,bad,reappear,meld,., the,8,resid_post_layer_18,19,-8.75,1.5625,1.625,10.3125,0.9939759036144579
EleutherAI/pythia-1.4b,tail|drop_argument|drop_object_frame|2,tail,drop_argument,drop_object_frame,2,good_to_bad,good,bad,doze,dally,., the,8,resid_post_layer_18,19,0.5,2.0625,2.0625,1.5625,1.0
EleutherAI/pythia-1.4b,tail|drop_argument|drop_object_frame|3,tail,drop_argument,drop_object_frame,3,good_to_bad,good,bad,wane,bristle,., the,8,resid_post_layer_18,19,2.312499761581421,-2.625,-2.624999761581421,-4.9375,1.0000000965746236
EleutherAI/pythia-1.4b,tail|drop_argument|drop_object_frame|7,tail,drop_argument,drop_object_frame,7,good_to_bad,good,bad,fawn,divest,., the,8,resid_post_layer_18,19,-6.0,0.0,0.0,6.0,1.0
EleutherAI/pythia-1.4b,tail|drop_argument|drop_object_frame|9,tail,drop_argument,drop_object_frame,9,good_to_bad,good,bad,erode,grumble,., the,8,resid_post_layer_18,19,1.1875,-6.5,-6.5,-7.6875,1.0
EleutherAI/pythia-1.4b,tail|drop_argument|drop_object_frame|21,tail,drop_argument,drop_object_frame,21,good_to_bad,good,bad,decompose,reaffirm,., the,8,resid_post_layer_18,19,-7.124999523162842,-5.75,-5.8125,1.3749995231628418,1.0476190649192683
EleutherAI/pythia-1.4b,tail|drop_argument|drop_object_frame|22,tail,drop_argument,drop_object_frame,22,good_to_bad,good,bad,canter,saturate,., the,8,resid_post_layer_18,19,-10.0,-2.9375,-3.0,7.0625,1.0089285714285714
EleutherAI/pythia-1.4b,tail|drop_argument|drop_object_frame|23,tail,drop_argument,drop_object_frame,23,good_to_bad,good,bad,persevere,entrust,., the,8,resid_post_layer_18,19,-9.46875,0.2499997615814209,0.1875002384185791,9.71875,1.006472491909385
EleutherAI/pythia-1.4b,tail|drop_argument|drop_object_frame|1,tail,drop_argument,drop_object_frame,1,good_to_bad,good,bad,reappear,meld,., the,8,resid_post_layer_19,20,-8.75,1.625,1.625,10.375,1.0
EleutherAI/pythia-1.4b,tail|drop_argument|drop_object_frame|2,tail,drop_argument,drop_object_frame,2,good_to_bad,good,bad,doze,dally,., the,8,resid_post_layer_19,20,0.5,2.125,2.0625,1.625,1.04
EleutherAI/pythia-1.4b,tail|drop_argument|drop_object_frame|3,tail,drop_argument,drop_object_frame,3,good_to_bad,good,bad,wane,bristle,., the,8,resid_post_layer_19,20,2.312499761581421,-2.625,-2.624999761581421,-4.9375,1.0000000965746236
EleutherAI/pythia-1.4b,tail|drop_argument|drop_object_frame|7,tail,drop_argument,drop_object_frame,7,good_to_bad,good,bad,fawn,divest,., the,8,resid_post_layer_19,20,-6.0,0.0,0.0,6.0,1.0
EleutherAI/pythia-1.4b,tail|drop_argument|drop_object_frame|9,tail,drop_argument,drop_object_frame,9,good_to_bad,good,bad,erode,grumble,., the,8,resid_post_layer_19,20,1.1875,-6.5,-6.5,-7.6875,1.0
EleutherAI/pythia-1.4b,tail|drop_argument|drop_object_frame|21,tail,drop_argument,drop_object_frame,21,good_to_bad,good,bad,decompose,reaffirm,., the,8,resid_post_layer_19,20,-7.124999523162842,-5.8125,-5.8125,1.3124995231628418,1.0
EleutherAI/pythia-1.4b,tail|drop_argument|drop_object_frame|22,tail,drop_argument,drop_object_frame,22,good_to_bad,good,bad,canter,saturate,., the,8,resid_post_layer_19,20,-10.0,-2.9375,-3.0,7.0625,1.0089285714285714
EleutherAI/pythia-1.4b,tail|drop_argument|drop_object_frame|23,tail,drop_argument,drop_object_frame,23,good_to_bad,good,bad,persevere,entrust,., the,8,resid_post_layer_19,20,-9.46875,0.2499997615814209,0.1875002384185791,9.71875,1.006472491909385
EleutherAI/pythia-1.4b,tail|drop_argument|drop_object_frame|1,tail,drop_argument,drop_object_frame,1,good_to_bad,good,bad,reappear,meld,., the,8,resid_post_layer_20,21,-8.75,1.625,1.625,10.375,1.0
EleutherAI/pythia-1.4b,tail|drop_argument|drop_object_frame|2,tail,drop_argument,drop_object_frame,2,good_to_bad,good,bad,doze,dally,., the,8,resid_post_layer_20,21,0.5,2.125,2.0625,1.625,1.04
EleutherAI/pythia-1.4b,tail|drop_argument|drop_object_frame|3,tail,drop_argument,drop_object_frame,3,good_to_bad,good,bad,wane,bristle,., the,8,resid_post_layer_20,21,2.312499761581421,-2.625000238418579,-2.624999761581421,-4.9375,1.0000000965746236
EleutherAI/pythia-1.4b,tail|drop_argument|drop_object_frame|7,tail,drop_argument,drop_object_frame,7,good_to_bad,good,bad,fawn,divest,., the,8,resid_post_layer_20,21,-6.0,0.0,0.0,6.0,1.0
EleutherAI/pythia-1.4b,tail|drop_argument|drop_object_frame|9,tail,drop_argument,drop_object_frame,9,good_to_bad,good,bad,erode,grumble,., the,8,resid_post_layer_20,21,1.1875,-6.4375,-6.5,-7.625,0.991869918699187
EleutherAI/pythia-1.4b,tail|drop_argument|drop_object_frame|21,tail,drop_argument,drop_object_frame,21,good_to_bad,good,bad,decompose,reaffirm,., the,8,resid_post_layer_20,21,-7.124999523162842,-5.8125,-5.8125,1.3124995231628418,1.0
EleutherAI/pythia-1.4b,tail|drop_argument|drop_object_frame|22,tail,drop_argument,drop_object_frame,22,good_to_bad,good,bad,canter,saturate,., the,8,resid_post_layer_20,21,-10.0,-3.0,-3.0,7.0,1.0
EleutherAI/pythia-1.4b,tail|drop_argument|drop_object_frame|23,tail,drop_argument,drop_object_frame,23,good_to_bad,good,bad,persevere,entrust,., the,8,resid_post_layer_20,21,-9.46875,0.1875002384185791,0.1875002384185791,9.65625,1.0
EleutherAI/pythia-1.4b,tail|drop_argument|drop_object_frame|25,tail,drop_argument,drop_object_frame,25,good_to_bad,good,bad,scoot,blurt,., the,8,resid_post_layer_21,22,-2.5625,-4.4375,-4.4375,-1.875,1.0
EleutherAI/pythia-1.4b,tail|drop_argument|drop_object_frame|26,tail,drop_argument,drop_object_frame,26,good_to_bad,good,bad,slither,repaint,., the,8,resid_post_layer_21,22,-7.28125,-2.25,-2.25,5.03125,1.0
EleutherAI/pythia-1.4b,tail|drop_argument|drop_object_frame|27,tail,drop_argument,drop_object_frame,27,good_to_bad,good,bad,deviate,scrutinize,., the,8,resid_post_layer_21,22,-8.28125,-3.312500238418579,-3.3125,4.96875,1.0
EleutherAI/pythia-1.4b,tail|drop_argument|drop_object_frame|30,tail,drop_argument,drop_object_frame,30,good_to_bad,good,bad,procreate,scavenge,., the,8,resid_post_layer_21,22,-4.5,-1.8125,-1.75,2.6875,0.9772727272727273
EleutherAI/pythia-1.4b,tail|drop_argument|drop_object_frame|25,tail,drop_argument,drop_object_frame,25,good_to_bad,good,bad,scoot,blurt,., the,8,resid_post_layer_22,23,-2.5625,-4.4375,-4.4375,-1.875,1.0
EleutherAI/pythia-1.4b,tail|drop_argument|drop_object_frame|26,tail,drop_argument,drop_object_frame,26,good_to_bad,good,bad,slither,repaint,., the,8,resid_post_layer_22,23,-7.28125,-2.25,-2.25,5.03125,1.0
EleutherAI/pythia-1.4b,tail|drop_argument|drop_object_frame|27,tail,drop_argument,drop_object_frame,27,good_to_bad,good,bad,deviate,scrutinize,., the,8,resid_post_layer_22,23,-8.28125,-3.312499761581421,-3.3125,4.96875,1.0
EleutherAI/pythia-1.4b,tail|drop_argument|drop_object_frame|30,tail,drop_argument,drop_object_frame,30,good_to_bad,good,bad,procreate,scavenge,., the,8,resid_post_layer_22,23,-4.5,-1.75,-1.75,2.75,1.0
EleutherAI/pythia-1.4b,tail|drop_argument|drop_object_frame|25,tail,drop_argument,drop_object_frame,25,good_to_bad,good,bad,scoot,blurt,., the,8,resid_post_layer_23,24,-2.5625,-4.750000476837158,-4.4375,-2.187500476837158,1.1666669209798177
EleutherAI/pythia-1.4b,tail|drop_argument|drop_object_frame|26,tail,drop_argument,drop_object_frame,26,good_to_bad,good,bad,slither,repaint,., the,8,resid_post_layer_23,24,-7.28125,-2.0625,-2.25,5.21875,1.0372670807453417
EleutherAI/pythia-1.4b,tail|drop_argument|drop_object_frame|27,tail,drop_argument,drop_object_frame,27,good_to_bad,good,bad,deviate,scrutinize,., the,8,resid_post_layer_23,24,-8.28125,-3.1875,-3.3125,5.09375,1.0251572327044025
EleutherAI/pythia-1.4b,tail|drop_argument|drop_object_frame|30,tail,drop_argument,drop_object_frame,30,good_to_bad,good,bad,procreate,scavenge,., the,8,resid_post_layer_23,24,-4.5,-1.5,-1.75,3.0,1.0909090909090908
EleutherAI/pythia-1.4b,tail|drop_argument|drop_object_frame|25,tail,drop_argument,drop_object_frame,25,good_to_bad,good,bad,scoot,blurt,., the,8,resid_post_layer_18,19,-2.5625,-4.6875,-4.4375,-2.125,1.1333333333333333
EleutherAI/pythia-1.4b,tail|drop_argument|drop_object_frame|26,tail,drop_argument,drop_object_frame,26,good_to_bad,good,bad,slither,repaint,., the,8,resid_post_layer_18,19,-7.28125,-2.1875,-2.25,5.09375,1.0124223602484472
EleutherAI/pythia-1.4b,tail|drop_argument|drop_object_frame|27,tail,drop_argument,drop_object_frame,27,good_to_bad,good,bad,deviate,scrutinize,., the,8,resid_post_layer_18,19,-8.28125,-3.375,-3.3125,4.90625,0.9874213836477987
EleutherAI/pythia-1.4b,tail|drop_argument|drop_object_frame|30,tail,drop_argument,drop_object_frame,30,good_to_bad,good,bad,procreate,scavenge,., the,8,resid_post_layer_18,19,-4.5,-1.812499761581421,-1.75,2.687500238418579,0.9772728139703925
EleutherAI/pythia-1.4b,tail|drop_argument|drop_object_frame|25,tail,drop_argument,drop_object_frame,25,good_to_bad,good,bad,scoot,blurt,., the,8,resid_post_layer_19,20,-2.5625,-4.4375,-4.4375,-1.875,1.0
EleutherAI/pythia-1.4b,tail|drop_argument|drop_object_frame|26,tail,drop_argument,drop_object_frame,26,good_to_bad,good,bad,slither,repaint,., the,8,resid_post_layer_19,20,-7.28125,-2.3125,-2.25,4.96875,0.9875776397515528
EleutherAI/pythia-1.4b,tail|drop_argument|drop_object_frame|27,tail,drop_argument,drop_object_frame,27,good_to_bad,good,bad,deviate,scrutinize,., the,8,resid_post_layer_19,20,-8.28125,-3.3125,-3.3125,4.96875,1.0
EleutherAI/pythia-1.4b,tail|drop_argument|drop_object_frame|30,tail,drop_argument,drop_object_frame,30,good_to_bad,good,bad,procreate,scavenge,., the,8,resid_post_layer_19,20,-4.5,-1.75,-1.75,2.75,1.0
EleutherAI/pythia-1.4b,tail|drop_argument|drop_object_frame|25,tail,drop_argument,drop_object_frame,25,good_to_bad,good,bad,scoot,blurt,., the,8,resid_post_layer_20,21,-2.5625,-4.5,-4.4375,-1.9375,1.0333333333333334
EleutherAI/pythia-1.4b,tail|drop_argument|drop_object_frame|26,tail,drop_argument,drop_object_frame,26,good_to_bad,good,bad,slither,repaint,., the,8,resid_post_layer_20,21,-7.28125,-2.3125,-2.25,4.96875,0.9875776397515528
EleutherAI/pythia-1.4b,tail|drop_argument|drop_object_frame|27,tail,drop_argument,drop_object_frame,27,good_to_bad,good,bad,deviate,scrutinize,., the,8,resid_post_layer_20,21,-8.28125,-3.312500238418579,-3.3125,4.96875,1.0
EleutherAI/pythia-1.4b,tail|drop_argument|drop_object_frame|30,tail,drop_argument,drop_object_frame,30,good_to_bad,good,bad,procreate,scavenge,., the,8,resid_post_layer_20,21,-4.5,-1.75,-1.75,2.75,1.0
EleutherAI/pythia-1.4b,xtail|drop_argument|drop_object_frame|5,xtail,drop_argument,drop_object_frame,5,bad_to_good,bad,good,distil,emboss, the,.,8,resid_post_layer_21,22,7.343750476837158,8.03125,8.03125,0.6874995231628418,1.0
EleutherAI/pythia-1.4b,xtail|drop_argument|drop_object_frame|9,xtail,drop_argument,drop_object_frame,9,bad_to_good,bad,good,hurtle,cavort, the,.,8,resid_post_layer_21,22,0.75,6.499999523162842,6.40625,5.749999523162842,1.016574501332657
EleutherAI/pythia-1.4b,xtail|drop_argument|drop_object_frame|11,xtail,drop_argument,drop_object_frame,11,bad_to_good,bad,good,ruminate,mineralize, the,.,8,resid_post_layer_21,22,6.5625,0.9375,1.0,-5.625,1.0112359550561798
EleutherAI/pythia-1.4b,xtail|drop_argument|drop_object_frame|12,xtail,drop_argument,drop_object_frame,12,bad_to_good,bad,good,quantize,seethe, the,.,8,resid_post_layer_21,22,0.15625,6.875,6.875,6.71875,1.0
EleutherAI/pythia-1.4b,xtail|drop_argument|drop_object_frame|22,xtail,drop_argument,drop_object_frame,22,bad_to_good,bad,good,unpin,skulk, the,.,8,resid_post_layer_21,22,0.25,6.5,6.375,6.25,1.0204081632653061
EleutherAI/pythia-1.4b,xtail|drop_argument|drop_object_frame|27,xtail,drop_argument,drop_object_frame,27,bad_to_good,bad,good,whop,commingle, the,.,8,resid_post_layer_21,22,6.71875,6.25,6.3125,-0.46875,1.1538461538461537
EleutherAI/pythia-1.4b,xtail|drop_argument|drop_object_frame|28,xtail,drop_argument,drop_object_frame,28,bad_to_good,bad,good,recode,slosh, the,.,8,resid_post_layer_21,22,5.0625,7.375,7.34375,2.3125,1.0136986301369864
EleutherAI/pythia-1.4b,xtail|drop_argument|drop_object_frame|35,xtail,drop_argument,drop_object_frame,35,bad_to_good,bad,good,billow,federate, the,.,8,resid_post_layer_21,22,5.0625,3.625000238418579,3.687499761581421,-1.437499761581421,1.0454541907823405
EleutherAI/pythia-1.4b,xtail|drop_argument|drop_object_frame|5,xtail,drop_argument,drop_object_frame,5,bad_to_good,bad,good,distil,emboss, the,.,8,resid_post_layer_22,23,7.343750476837158,8.03125,8.03125,0.6874995231628418,1.0
EleutherAI/pythia-1.4b,xtail|drop_argument|drop_object_frame|9,xtail,drop_argument,drop_object_frame,9,bad_to_good,bad,good,hurtle,cavort, the,.,8,resid_post_layer_22,23,0.75,6.40625,6.40625,5.65625,1.0
EleutherAI/pythia-1.4b,xtail|drop_argument|drop_object_frame|11,xtail,drop_argument,drop_object_frame,11,bad_to_good,bad,good,ruminate,mineralize, the,.,8,resid_post_layer_22,23,6.5625,1.0,1.0,-5.5625,1.0
EleutherAI/pythia-1.4b,xtail|drop_argument|drop_object_frame|12,xtail,drop_argument,drop_object_frame,12,bad_to_good,bad,good,quantize,seethe, the,.,8,resid_post_layer_22,23,0.15625,6.875,6.875,6.71875,1.0
EleutherAI/pythia-1.4b,xtail|drop_argument|drop_object_frame|22,xtail,drop_argument,drop_object_frame,22,bad_to_good,bad,good,unpin,skulk, the,.,8,resid_post_layer_22,23,0.25,6.4375,6.375,6.1875,1.010204081632653
EleutherAI/pythia-1.4b,xtail|drop_argument|drop_object_frame|27,xtail,drop_argument,drop_object_frame,27,bad_to_good,bad,good,whop,commingle, the,.,8,resid_post_layer_22,23,6.71875,6.3125,6.3125,-0.40625,1.0
EleutherAI/pythia-1.4b,xtail|drop_argument|drop_object_frame|28,xtail,drop_argument,drop_object_frame,28,bad_to_good,bad,good,recode,slosh, the,.,8,resid_post_layer_22,23,5.0625,7.34375,7.34375,2.28125,1.0
EleutherAI/pythia-1.4b,xtail|drop_argument|drop_object_frame|35,xtail,drop_argument,drop_object_frame,35,bad_to_good,bad,good,billow,federate, the,.,8,resid_post_layer_22,23,5.0625,3.6875,3.687499761581421,-1.375,0.9999998266046998
EleutherAI/pythia-1.4b,xtail|drop_argument|drop_object_frame|5,xtail,drop_argument,drop_object_frame,5,bad_to_good,bad,good,distil,emboss, the,.,8,resid_post_layer_23,24,7.343750476837158,8.03125,8.03125,0.6874995231628418,1.0
EleutherAI/pythia-1.4b,xtail|drop_argument|drop_object_frame|9,xtail,drop_argument,drop_object_frame,9,bad_to_good,bad,good,hurtle,cavort, the,.,8,resid_post_layer_23,24,0.75,6.3125,6.40625,5.5625,0.9834254143646409
EleutherAI/pythia-1.4b,xtail|drop_argument|drop_object_frame|11,xtail,drop_argument,drop_object_frame,11,bad_to_good,bad,good,ruminate,mineralize, the,.,8,resid_post_layer_23,24,6.5625,0.8125,1.0,-5.75,1.0337078651685394
EleutherAI/pythia-1.4b,xtail|drop_argument|drop_object_frame|12,xtail,drop_argument,drop_object_frame,12,bad_to_good,bad,good,quantize,seethe, the,.,8,resid_post_layer_23,24,0.15625,6.8125,6.875,6.65625,0.9906976744186047
EleutherAI/pythia-1.4b,xtail|drop_argument|drop_object_frame|22,xtail,drop_argument,drop_object_frame,22,bad_to_good,bad,good,unpin,skulk, the,.,8,resid_post_layer_23,24,0.25,6.9375,6.375,6.6875,1.0918367346938775
EleutherAI/pythia-1.4b,xtail|drop_argument|drop_object_frame|27,xtail,drop_argument,drop_object_frame,27,bad_to_good,bad,good,whop,commingle, the,.,8,resid_post_layer_23,24,6.71875,6.999999523162842,6.3125,0.2812495231628418,-0.6923065185546875
EleutherAI/pythia-1.4b,xtail|drop_argument|drop_object_frame|28,xtail,drop_argument,drop_object_frame,28,bad_to_good,bad,good,recode,slosh, the,.,8,resid_post_layer_23,24,5.0625,7.4375,7.34375,2.375,1.0410958904109588
EleutherAI/pythia-1.4b,xtail|drop_argument|drop_object_frame|35,xtail,drop_argument,drop_object_frame,35,bad_to_good,bad,good,billow,federate, the,.,8,resid_post_layer_23,24,5.0625,3.5625,3.687499761581421,-1.5,1.0909089017505815
EleutherAI/pythia-1.4b,xtail|drop_argument|drop_object_frame|5,xtail,drop_argument,drop_object_frame,5,bad_to_good,bad,good,distil,emboss, the,.,8,resid_post_layer_18,19,7.343750476837158,8.03125,8.03125,0.6874995231628418,1.0
EleutherAI/pythia-1.4b,xtail|drop_argument|drop_object_frame|9,xtail,drop_argument,drop_object_frame,9,bad_to_good,bad,good,hurtle,cavort, the,.,8,resid_post_layer_18,19,0.75,6.71875,6.40625,5.96875,1.0552486187845305
EleutherAI/pythia-1.4b,xtail|drop_argument|drop_object_frame|11,xtail,drop_argument,drop_object_frame,11,bad_to_good,bad,good,ruminate,mineralize, the,.,8,resid_post_layer_18,19,6.5625,0.875,1.0,-5.6875,1.0224719101123596
EleutherAI/pythia-1.4b,xtail|drop_argument|drop_object_frame|12,xtail,drop_argument,drop_object_frame,12,bad_to_good,bad,good,quantize,seethe, the,.,8,resid_post_layer_18,19,0.15625,6.875,6.875,6.71875,1.0
EleutherAI/pythia-1.4b,xtail|drop_argument|drop_object_frame|22,xtail,drop_argument,drop_object_frame,22,bad_to_good,bad,good,unpin,skulk, the,.,8,resid_post_layer_18,19,0.25,6.5,6.375,6.25,1.0204081632653061
EleutherAI/pythia-1.4b,xtail|drop_argument|drop_object_frame|27,xtail,drop_argument,drop_object_frame,27,bad_to_good,bad,good,whop,commingle, the,.,8,resid_post_layer_18,19,6.71875,6.1875,6.3125,-0.53125,1.3076923076923077
EleutherAI/pythia-1.4b,xtail|drop_argument|drop_object_frame|28,xtail,drop_argument,drop_object_frame,28,bad_to_good,bad,good,recode,slosh, the,.,8,resid_post_layer_18,19,5.0625,7.375,7.34375,2.3125,1.0136986301369864
EleutherAI/pythia-1.4b,xtail|drop_argument|drop_object_frame|35,xtail,drop_argument,drop_object_frame,35,bad_to_good,bad,good,billow,federate, the,.,8,resid_post_layer_18,19,5.0625,3.749999761581421,3.687499761581421,-1.312500238418579,0.9545454624270591
EleutherAI/pythia-1.4b,xtail|drop_argument|drop_object_frame|5,xtail,drop_argument,drop_object_frame,5,bad_to_good,bad,good,distil,emboss, the,.,8,resid_post_layer_19,20,7.343750476837158,8.0,8.03125,0.6562495231628418,0.954545423019009
EleutherAI/pythia-1.4b,xtail|drop_argument|drop_object_frame|9,xtail,drop_argument,drop_object_frame,9,bad_to_good,bad,good,hurtle,cavort, the,.,8,resid_post_layer_19,20,0.75,6.5625,6.40625,5.8125,1.0276243093922652
EleutherAI/pythia-1.4b,xtail|drop_argument|drop_object_frame|11,xtail,drop_argument,drop_object_frame,11,bad_to_good,bad,good,ruminate,mineralize, the,.,8,resid_post_layer_19,20,6.5625,0.875,1.0,-5.6875,1.0224719101123596
EleutherAI/pythia-1.4b,xtail|drop_argument|drop_object_frame|12,xtail,drop_argument,drop_object_frame,12,bad_to_good,bad,good,quantize,seethe, the,.,8,resid_post_layer_19,20,0.15625,6.875,6.875,6.71875,1.0
EleutherAI/pythia-1.4b,xtail|drop_argument|drop_object_frame|22,xtail,drop_argument,drop_object_frame,22,bad_to_good,bad,good,unpin,skulk, the,.,8,resid_post_layer_19,20,0.25,6.5,6.375,6.25,1.0204081632653061
EleutherAI/pythia-1.4b,xtail|drop_argument|drop_object_frame|27,xtail,drop_argument,drop_object_frame,27,bad_to_good,bad,good,whop,commingle, the,.,8,resid_post_layer_19,20,6.71875,6.1875,6.3125,-0.53125,1.3076923076923077
EleutherAI/pythia-1.4b,xtail|drop_argument|drop_object_frame|28,xtail,drop_argument,drop_object_frame,28,bad_to_good,bad,good,recode,slosh, the,.,8,resid_post_layer_19,20,5.0625,7.343749523162842,7.34375,2.281249523162842,0.9999997909754923
EleutherAI/pythia-1.4b,xtail|drop_argument|drop_object_frame|35,xtail,drop_argument,drop_object_frame,35,bad_to_good,bad,good,billow,federate, the,.,8,resid_post_layer_19,20,5.0625,3.75,3.687499761581421,-1.3125,0.954545289031759
EleutherAI/pythia-1.4b,xtail|drop_argument|drop_object_frame|5,xtail,drop_argument,drop_object_frame,5,bad_to_good,bad,good,distil,emboss, the,.,8,resid_post_layer_20,21,7.343750476837158,8.03125,8.03125,0.6874995231628418,1.0
EleutherAI/pythia-1.4b,xtail|drop_argument|drop_object_frame|9,xtail,drop_argument,drop_object_frame,9,bad_to_good,bad,good,hurtle,cavort, the,.,8,resid_post_layer_20,21,0.75,6.53125,6.40625,5.78125,1.022099447513812
EleutherAI/pythia-1.4b,xtail|drop_argument|drop_object_frame|11,xtail,drop_argument,drop_object_frame,11,bad_to_good,bad,good,ruminate,mineralize, the,.,8,resid_post_layer_20,21,6.5625,0.875,1.0,-5.6875,1.0224719101123596
EleutherAI/pythia-1.4b,xtail|drop_argument|drop_object_frame|12,xtail,drop_argument,drop_object_frame,12,bad_to_good,bad,good,quantize,seethe, the,.,8,resid_post_layer_20,21,0.15625,6.9375,6.875,6.78125,1.0093023255813953
EleutherAI/pythia-1.4b,xtail|drop_argument|drop_object_frame|22,xtail,drop_argument,drop_object_frame,22,bad_to_good,bad,good,unpin,skulk, the,.,8,resid_post_layer_20,21,0.25,6.4375,6.375,6.1875,1.010204081632653
EleutherAI/pythia-1.4b,xtail|drop_argument|drop_object_frame|27,xtail,drop_argument,drop_object_frame,27,bad_to_good,bad,good,whop,commingle, the,.,8,resid_post_layer_20,21,6.71875,6.21875,6.3125,-0.5,1.2307692307692308
EleutherAI/pythia-1.4b,xtail|drop_argument|drop_object_frame|28,xtail,drop_argument,drop_object_frame,28,bad_to_good,bad,good,recode,slosh, the,.,8,resid_post_layer_20,21,5.0625,7.343750476837158,7.34375,2.281250476837158,1.0000002090245077
EleutherAI/pythia-1.4b,xtail|drop_argument|drop_object_frame|35,xtail,drop_argument,drop_object_frame,35,bad_to_good,bad,good,billow,federate, the,.,8,resid_post_layer_20,21,5.0625,3.75,3.687499761581421,-1.3125,0.954545289031759
EleutherAI/pythia-1.4b,xtail|drop_argument|drop_object_frame|41,xtail,drop_argument,drop_object_frame,41,bad_to_good,bad,good,decouple,sleepwalk, the,.,8,resid_post_layer_21,22,0.25,6.625,6.65625,6.375,0.9951219512195122
EleutherAI/pythia-1.4b,xtail|drop_argument|drop_object_frame|41,xtail,drop_argument,drop_object_frame,41,bad_to_good,bad,good,decouple,sleepwalk, the,.,8,resid_post_layer_22,23,0.25,6.65625,6.65625,6.40625,1.0
EleutherAI/pythia-1.4b,xtail|drop_argument|drop_object_frame|41,xtail,drop_argument,drop_object_frame,41,bad_to_good,bad,good,decouple,sleepwalk, the,.,8,resid_post_layer_23,24,0.25,6.75,6.65625,6.5,1.0146341463414634
EleutherAI/pythia-1.4b,xtail|drop_argument|drop_object_frame|41,xtail,drop_argument,drop_object_frame,41,bad_to_good,bad,good,decouple,sleepwalk, the,.,8,resid_post_layer_18,19,0.25,6.125,6.65625,5.875,0.9170731707317074
EleutherAI/pythia-1.4b,xtail|drop_argument|drop_object_frame|41,xtail,drop_argument,drop_object_frame,41,bad_to_good,bad,good,decouple,sleepwalk, the,.,8,resid_post_layer_19,20,0.25,6.1875,6.65625,5.9375,0.926829268292683
EleutherAI/pythia-1.4b,xtail|drop_argument|drop_object_frame|41,xtail,drop_argument,drop_object_frame,41,bad_to_good,bad,good,decouple,sleepwalk, the,.,8,resid_post_layer_20,21,0.25,6.4375,6.65625,6.1875,0.9658536585365853
EleutherAI/pythia-1.4b,xtail|drop_argument|drop_object_frame|5,xtail,drop_argument,drop_object_frame,5,good_to_bad,good,bad,emboss,distil,., the,8,resid_post_layer_21,22,-8.03125,-7.343750476837158,-7.343750476837158,0.6874995231628418,1.0
EleutherAI/pythia-1.4b,xtail|drop_argument|drop_object_frame|9,xtail,drop_argument,drop_object_frame,9,good_to_bad,good,bad,cavort,hurtle,., the,8,resid_post_layer_21,22,-6.40625,-0.625,-0.75,5.78125,1.022099447513812
EleutherAI/pythia-1.4b,xtail|drop_argument|drop_object_frame|11,xtail,drop_argument,drop_object_frame,11,good_to_bad,good,bad,mineralize,ruminate,., the,8,resid_post_layer_21,22,-1.0,-6.4375,-6.5625,-5.4375,0.9775280898876404
EleutherAI/pythia-1.4b,xtail|drop_argument|drop_object_frame|12,xtail,drop_argument,drop_object_frame,12,good_to_bad,good,bad,seethe,quantize,., the,8,resid_post_layer_21,22,-6.875,-0.15625,-0.15625,6.71875,1.0
EleutherAI/pythia-1.4b,xtail|drop_argument|drop_object_frame|22,xtail,drop_argument,drop_object_frame,22,good_to_bad,good,bad,skulk,unpin,., the,8,resid_post_layer_21,22,-6.375,-0.25,-0.25,6.125,1.0
EleutherAI/pythia-1.4b,xtail|drop_argument|drop_object_frame|27,xtail,drop_argument,drop_object_frame,27,good_to_bad,good,bad,commingle,whop,., the,8,resid_post_layer_21,22,-6.3125,-6.71875,-6.71875,-0.40625,1.0
EleutherAI/pythia-1.4b,xtail|drop_argument|drop_object_frame|28,xtail,drop_argument,drop_object_frame,28,good_to_bad,good,bad,slosh,recode,., the,8,resid_post_layer_21,22,-7.34375,-5.03125,-5.0625,2.3125,1.0136986301369864
EleutherAI/pythia-1.4b,xtail|drop_argument|drop_object_frame|35,xtail,drop_argument,drop_object_frame,35,good_to_bad,good,bad,federate,billow,., the,8,resid_post_layer_21,22,-3.687499761581421,-5.0625,-5.0625,-1.375000238418579,1.0
EleutherAI/pythia-1.4b,xtail|drop_argument|drop_object_frame|5,xtail,drop_argument,drop_object_frame,5,good_to_bad,good,bad,emboss,distil,., the,8,resid_post_layer_22,23,-8.03125,-7.34375,-7.343750476837158,0.6875,1.000000693581802
EleutherAI/pythia-1.4b,xtail|drop_argument|drop_object_frame|9,xtail,drop_argument,drop_object_frame,9,good_to_bad,good,bad,cavort,hurtle,., the,8,resid_post_layer_22,23,-6.40625,-0.8125,-0.75,5.59375,0.988950276243094
EleutherAI/pythia-1.4b,xtail|drop_argument|drop_object_frame|11,xtail,drop_argument,drop_object_frame,11,good_to_bad,good,bad,mineralize,ruminate,., the,8,resid_post_layer_22,23,-1.0,-6.5625,-6.5625,-5.5625,1.0
EleutherAI/pythia-1.4b,xtail|drop_argument|drop_object_frame|12,xtail,drop_argument,drop_object_frame,12,good_to_bad,good,bad,seethe,quantize,., the,8,resid_post_layer_22,23,-6.875,-0.15625,-0.15625,6.71875,1.0
EleutherAI/pythia-1.4b,xtail|drop_argument|drop_object_frame|22,xtail,drop_argument,drop_object_frame,22,good_to_bad,good,bad,skulk,unpin,., the,8,resid_post_layer_22,23,-6.375,-0.25,-0.25,6.125,1.0
EleutherAI/pythia-1.4b,xtail|drop_argument|drop_object_frame|27,xtail,drop_argument,drop_object_frame,27,good_to_bad,good,bad,commingle,whop,., the,8,resid_post_layer_22,23,-6.3125,-6.718749523162842,-6.71875,-0.4062495231628418,0.9999988262469952
EleutherAI/pythia-1.4b,xtail|drop_argument|drop_object_frame|28,xtail,drop_argument,drop_object_frame,28,good_to_bad,good,bad,slosh,recode,., the,8,resid_post_layer_22,23,-7.34375,-5.0625,-5.0625,2.28125,1.0
EleutherAI/pythia-1.4b,xtail|drop_argument|drop_object_frame|35,xtail,drop_argument,drop_object_frame,35,good_to_bad,good,bad,federate,billow,., the,8,resid_post_layer_22,23,-3.687499761581421,-5.0,-5.0625,-1.312500238418579,0.9545454624270591
EleutherAI/pythia-1.4b,xtail|drop_argument|drop_object_frame|5,xtail,drop_argument,drop_object_frame,5,good_to_bad,good,bad,emboss,distil,., the,8,resid_post_layer_23,24,-8.03125,-7.499999523162842,-7.343750476837158,0.5312504768371582,0.7727285022586491
EleutherAI/pythia-1.4b,xtail|drop_argument|drop_object_frame|9,xtail,drop_argument,drop_object_frame,9,good_to_bad,good,bad,cavort,hurtle,., the,8,resid_post_layer_23,24,-6.40625,-0.5,-0.75,5.90625,1.0441988950276244
EleutherAI/pythia-1.4b,xtail|drop_argument|drop_object_frame|11,xtail,drop_argument,drop_object_frame,11,good_to_bad,good,bad,mineralize,ruminate,., the,8,resid_post_layer_23,24,-1.0,-6.5,-6.5625,-5.5,0.9887640449438202
EleutherAI/pythia-1.4b,xtail|drop_argument|drop_object_frame|12,xtail,drop_argument,drop_object_frame,12,good_to_bad,good,bad,seethe,quantize,., the,8,resid_post_layer_23,24,-6.875,0.125,-0.15625,7.0,1.041860465116279
EleutherAI/pythia-1.4b,xtail|drop_argument|drop_object_frame|22,xtail,drop_argument,drop_object_frame,22,good_to_bad,good,bad,skulk,unpin,., the,8,resid_post_layer_23,24,-6.375,0.0625,-0.25,6.4375,1.0510204081632653
EleutherAI/pythia-1.4b,xtail|drop_argument|drop_object_frame|27,xtail,drop_argument,drop_object_frame,27,good_to_bad,good,bad,commingle,whop,., the,8,resid_post_layer_23,24,-6.3125,-6.593749523162842,-6.71875,-0.2812495231628418,0.6923065185546875
EleutherAI/pythia-1.4b,xtail|drop_argument|drop_object_frame|28,xtail,drop_argument,drop_object_frame,28,good_to_bad,good,bad,slosh,recode,., the,8,resid_post_layer_23,24,-7.34375,-5.0625,-5.0625,2.28125,1.0
EleutherAI/pythia-1.4b,xtail|drop_argument|drop_object_frame|35,xtail,drop_argument,drop_object_frame,35,good_to_bad,good,bad,federate,billow,., the,8,resid_post_layer_23,24,-3.687499761581421,-5.375,-5.0625,-1.687500238418579,1.2272726878647044
EleutherAI/pythia-1.4b,xtail|drop_argument|drop_object_frame|5,xtail,drop_argument,drop_object_frame,5,good_to_bad,good,bad,emboss,distil,., the,8,resid_post_layer_18,19,-8.03125,-7.34375,-7.343750476837158,0.6875,1.000000693581802
EleutherAI/pythia-1.4b,xtail|drop_argument|drop_object_frame|9,xtail,drop_argument,drop_object_frame,9,good_to_bad,good,bad,cavort,hurtle,., the,8,resid_post_layer_18,19,-6.40625,-0.5,-0.75,5.90625,1.0441988950276244
EleutherAI/pythia-1.4b,xtail|drop_argument|drop_object_frame|11,xtail,drop_argument,drop_object_frame,11,good_to_bad,good,bad,mineralize,ruminate,., the,8,resid_post_layer_18,19,-1.0,-6.65625,-6.5625,-5.65625,1.0168539325842696
EleutherAI/pythia-1.4b,xtail|drop_argument|drop_object_frame|12,xtail,drop_argument,drop_object_frame,12,good_to_bad,good,bad,seethe,quantize,., the,8,resid_post_layer_18,19,-6.875,-0.15625,-0.15625,6.71875,1.0
EleutherAI/pythia-1.4b,xtail|drop_argument|drop_object_frame|22,xtail,drop_argument,drop_object_frame,22,good_to_bad,good,bad,skulk,unpin,., the,8,resid_post_layer_18,19,-6.375,-0.25,-0.25,6.125,1.0
EleutherAI/pythia-1.4b,xtail|drop_argument|drop_object_frame|27,xtail,drop_argument,drop_object_frame,27,good_to_bad,good,bad,commingle,whop,., the,8,resid_post_layer_18,19,-6.3125,-6.875,-6.71875,-0.5625,1.3846153846153846
EleutherAI/pythia-1.4b,xtail|drop_argument|drop_object_frame|28,xtail,drop_argument,drop_object_frame,28,good_to_bad,good,bad,slosh,recode,., the,8,resid_post_layer_18,19,-7.34375,-5.09375,-5.0625,2.25,0.9863013698630136
EleutherAI/pythia-1.4b,xtail|drop_argument|drop_object_frame|35,xtail,drop_argument,drop_object_frame,35,good_to_bad,good,bad,federate,billow,., the,8,resid_post_layer_18,19,-3.687499761581421,-5.0625,-5.0625,-1.375000238418579,1.0
EleutherAI/pythia-1.4b,xtail|drop_argument|drop_object_frame|5,xtail,drop_argument,drop_object_frame,5,good_to_bad,good,bad,emboss,distil,., the,8,resid_post_layer_19,20,-8.03125,-7.34375,-7.343750476837158,0.6875,1.000000693581802
EleutherAI/pythia-1.4b,xtail|drop_argument|drop_object_frame|9,xtail,drop_argument,drop_object_frame,9,good_to_bad,good,bad,cavort,hurtle,., the,8,resid_post_layer_19,20,-6.40625,-0.625,-0.75,5.78125,1.022099447513812
EleutherAI/pythia-1.4b,xtail|drop_argument|drop_object_frame|11,xtail,drop_argument,drop_object_frame,11,good_to_bad,good,bad,mineralize,ruminate,., the,8,resid_post_layer_19,20,-1.0,-6.59375,-6.5625,-5.59375,1.0056179775280898
EleutherAI/pythia-1.4b,xtail|drop_argument|drop_object_frame|12,xtail,drop_argument,drop_object_frame,12,good_to_bad,good,bad,seethe,quantize,., the,8,resid_post_layer_19,20,-6.875,-0.0625,-0.15625,6.8125,1.013953488372093
EleutherAI/pythia-1.4b,xtail|drop_argument|drop_object_frame|22,xtail,drop_argument,drop_object_frame,22,good_to_bad,good,bad,skulk,unpin,., the,8,resid_post_layer_19,20,-6.375,-0.25,-0.25,6.125,1.0
EleutherAI/pythia-1.4b,xtail|drop_argument|drop_object_frame|27,xtail,drop_argument,drop_object_frame,27,good_to_bad,good,bad,commingle,whop,., the,8,resid_post_layer_19,20,-6.3125,-6.8125,-6.71875,-0.5,1.2307692307692308
EleutherAI/pythia-1.4b,xtail|drop_argument|drop_object_frame|28,xtail,drop_argument,drop_object_frame,28,good_to_bad,good,bad,slosh,recode,., the,8,resid_post_layer_19,20,-7.34375,-5.03125,-5.0625,2.3125,1.0136986301369864
EleutherAI/pythia-1.4b,xtail|drop_argument|drop_object_frame|35,xtail,drop_argument,drop_object_frame,35,good_to_bad,good,bad,federate,billow,., the,8,resid_post_layer_19,20,-3.687499761581421,-5.0625,-5.0625,-1.375000238418579,1.0
EleutherAI/pythia-1.4b,xtail|drop_argument|drop_object_frame|5,xtail,drop_argument,drop_object_frame,5,good_to_bad,good,bad,emboss,distil,., the,8,resid_post_layer_20,21,-8.03125,-7.34375,-7.343750476837158,0.6875,1.000000693581802
EleutherAI/pythia-1.4b,xtail|drop_argument|drop_object_frame|9,xtail,drop_argument,drop_object_frame,9,good_to_bad,good,bad,cavort,hurtle,., the,8,resid_post_layer_20,21,-6.40625,-0.625,-0.75,5.78125,1.022099447513812
EleutherAI/pythia-1.4b,xtail|drop_argument|drop_object_frame|11,xtail,drop_argument,drop_object_frame,11,good_to_bad,good,bad,mineralize,ruminate,., the,8,resid_post_layer_20,21,-1.0,-6.53125,-6.5625,-5.53125,0.9943820224719101
EleutherAI/pythia-1.4b,xtail|drop_argument|drop_object_frame|12,xtail,drop_argument,drop_object_frame,12,good_to_bad,good,bad,seethe,quantize,., the,8,resid_post_layer_20,21,-6.875,-0.0625,-0.15625,6.8125,1.013953488372093
EleutherAI/pythia-1.4b,xtail|drop_argument|drop_object_frame|22,xtail,drop_argument,drop_object_frame,22,good_to_bad,good,bad,skulk,unpin,., the,8,resid_post_layer_20,21,-6.375,-0.25,-0.25,6.125,1.0
EleutherAI/pythia-1.4b,xtail|drop_argument|drop_object_frame|27,xtail,drop_argument,drop_object_frame,27,good_to_bad,good,bad,commingle,whop,., the,8,resid_post_layer_20,21,-6.3125,-6.749999523162842,-6.71875,-0.4374995231628418,1.076921903170072
EleutherAI/pythia-1.4b,xtail|drop_argument|drop_object_frame|28,xtail,drop_argument,drop_object_frame,28,good_to_bad,good,bad,slosh,recode,., the,8,resid_post_layer_20,21,-7.34375,-5.03125,-5.0625,2.3125,1.0136986301369864
EleutherAI/pythia-1.4b,xtail|drop_argument|drop_object_frame|35,xtail,drop_argument,drop_object_frame,35,good_to_bad,good,bad,federate,billow,., the,8,resid_post_layer_20,21,-3.687499761581421,-5.0625,-5.0625,-1.375000238418579,1.0
EleutherAI/pythia-1.4b,xtail|drop_argument|drop_object_frame|41,xtail,drop_argument,drop_object_frame,41,good_to_bad,good,bad,sleepwalk,decouple,., the,8,resid_post_layer_21,22,-6.65625,-0.25,-0.25,6.40625,1.0
EleutherAI/pythia-1.4b,xtail|drop_argument|drop_object_frame|41,xtail,drop_argument,drop_object_frame,41,good_to_bad,good,bad,sleepwalk,decouple,., the,8,resid_post_layer_22,23,-6.65625,-0.1875,-0.25,6.46875,1.0097560975609756
EleutherAI/pythia-1.4b,xtail|drop_argument|drop_object_frame|41,xtail,drop_argument,drop_object_frame,41,good_to_bad,good,bad,sleepwalk,decouple,., the,8,resid_post_layer_23,24,-6.65625,0.0,-0.25,6.65625,1.0390243902439025
EleutherAI/pythia-1.4b,xtail|drop_argument|drop_object_frame|41,xtail,drop_argument,drop_object_frame,41,good_to_bad,good,bad,sleepwalk,decouple,., the,8,resid_post_layer_18,19,-6.65625,-0.375,-0.25,6.28125,0.9804878048780488
EleutherAI/pythia-1.4b,xtail|drop_argument|drop_object_frame|41,xtail,drop_argument,drop_object_frame,41,good_to_bad,good,bad,sleepwalk,decouple,., the,8,resid_post_layer_19,20,-6.65625,-0.25,-0.25,6.40625,1.0
EleutherAI/pythia-1.4b,xtail|drop_argument|drop_object_frame|41,xtail,drop_argument,drop_object_frame,41,good_to_bad,good,bad,sleepwalk,decouple,., the,8,resid_post_layer_20,21,-6.65625,-0.25,-0.25,6.40625,1.0
